"train","departed","arrived","from","to","times"
"1 (04-24)",false,false,"TORONTO","VANCOUVER","[{""station"":""Toronto"",""code"":""TRTO"",""estimated"":""&mdash;"",""scheduled"":""2022-04-24T13:45:00Z"",""eta"":""&mdash;"",""departure"":{""estimated"":null,""scheduled"":""2022-04-24T13:45:00Z""}},{""station"":""Washago"",""code"":""WSHG"",""estimated"":""&mdash;"",""scheduled"":""2022-04-24T16:25:00Z"",""eta"":""&mdash;"",""arrival"":{""estimated"":null,""scheduled"":""2022-04-24T16:25:00Z""},""departure"":{""estimated"":null,""scheduled"":""2022-04-24T16:25:02Z""}},{""station"":""South Parry"",""code"":""SPAR"",""estimated"":""&mdash;"",""scheduled"":""2022-04-24T18:27:00Z"",""eta"":""&mdash;"",""arrival"":{""scheduled"":""2022-04-24T18:27:00Z""},""departure"":{""scheduled"":""2022-04-24T18:27:02Z""}}]"
"691",true,true,"THE PAS","CHURCHILL","[{""station"":""The Pas"",""code"":""TPAS"",""estimated"":""2022-04-22T07:30:00Z"",""scheduled"":""2022-04-22T07:30:00Z"",""eta"":""ARR"",""departure"":{""estimated"":""2022-04-22T07:30:00Z"",""scheduled"":""2022-04-22T07:30:00Z""},""diff"":""goo"",""diffMin"":0},{""station"":""Orok"",""code"":""OROK"",""estimated"":""2022-04-22T08:07:22Z"",""scheduled"":""2022-04-22T08:07:00Z"",""eta"":""ARR"",""arrival"":{""estimated"":""2022-04-22T08:07:22Z"",""scheduled"":""2022-04-22T08:07:00Z""},""departure"":{""estimated"":""2022-04-22T08:07:22Z"",""scheduled"":""2022-04-22T08:07:02Z""},""diff"":""goo"",""diffMin"":0},{""station"":""Halcrow"",""code"":""HALC"",""estimated"":""2022-04-22T08:57:39Z"",""scheduled"":""2022-04-22T09:01:00Z"",""eta"":""ARR"",""arrival"":{""estimated"":""2022-04-22T08:57:39Z"",""scheduled"":""2022-04-22T09:01:00Z""},""departure"":{""estimated"":""2022-04-22T09:01:02Z"",""scheduled"":""2022-04-22T09:01:02Z""},""diff"":""goo"",""diffMin"":-3},{""station"":""Cormorant"",""code"":""CORM"",""estimated"":""2022-04-22T09:12:00Z"",""scheduled"":""2022-04-22T09:12:00Z"",""eta"":""ARR"",""arrival"":{""estimated"":""2022-04-22T09:12:00Z"",""scheduled"":""2022-04-22T09:12:00Z""},""departure"":{""estimated"":""2022-04-22T09:12:02Z"",""scheduled"":""2022-04-22T09:12:02Z""},""diff"":""goo"",""diffMin"":0},{""station"":""Dering"",""code"":""DERI"",""estimated"":""2022-04-22T09:20:00Z"",""scheduled"":""2022-04-22T09:20:00Z"",""eta"":""ARR"",""arrival"":{""estimated"":""2022-04-22T09:20:00Z"",""scheduled"":""2022-04-22T09:20:00Z""},""departure"":{""estimated"":""2022-04-22T09:20:02Z"",""scheduled"":""2022-04-22T09:20:02Z""},""diff"":""goo"",""diffMin"":0},{""station"":""Dyce"",""code"":""DYCE"",""estimated"":""2022-04-22T09:59:00Z"",""scheduled"":""2022-04-22T09:59:00Z"",""eta"":""ARR"",""arrival"":{""estimated"":""2022-04-22T09:59:00Z"",""scheduled"":""2022-04-22T09:59:00Z""},""departure"":{""estimated"":""2022-04-22T09:59:02Z"",""scheduled"":""2022-04-22T09:59:02Z""},""diff"":""goo"",""diffMin"":0},{""station"":""Wekusko"",""code"":""WEKU"",""estimated"":""2022-04-22T10:32:37Z"",""scheduled"":""2022-04-22T10:43:00Z"",""eta"":""ARR"",""arrival"":{""estimated"":""2022-04-22T10:32:37Z"",""scheduled"":""2022-04-22T10:43:00Z""},""departure"":{""estimated"":""2022-04-22T10:31:20Z"",""scheduled"":""2022-04-22T10:43:02Z""},""diff"":""goo"",""diffMin"":-10},{""station"":""Turnbull"",""code"":""TURN"",""estimated"":""2022-04-22T10:56:06Z"",""scheduled"":""2022-04-22T11:10:00Z"",""eta"":""ARR"",""arrival"":{""estimated"":""2022-04-22T10:56:06Z"",""scheduled"":""2022-04-22T11:10:00Z""},""departure"":{""estimated"":""2022-04-22T10:55:11Z"",""scheduled"":""2022-04-22T11:10:02Z""},""diff"":""goo"",""diffMin"":-13},{""station"":""Ponton"",""code"":""PNTN"",""estimated"":""2022-04-22T11:27:38Z"",""scheduled"":""2022-04-22T11:42:00Z"",""eta"":""ARR"",""arrival"":{""estimated"":""2022-04-22T11:27:38Z"",""scheduled"":""2022-04-22T11:42:00Z""},""departure"":{""estimated"":""2022-04-22T11:26:21Z"",""scheduled"":""2022-04-22T11:42:02Z""},""diff"":""goo"",""diffMin"":-14},{""station"":""Pipun"",""code"":""PIPN"",""estimated"":""2022-04-22T12:18:09Z"",""scheduled"":""2022-04-22T12:25:00Z"",""eta"":""ARR"",""arrival"":{""estimated"":""2022-04-22T12:18:09Z"",""scheduled"":""2022-04-22T12:25:00Z""},""departure"":{""estimated"":""2022-04-22T12:17:11Z"",""scheduled"":""2022-04-22T12:25:02Z""},""diff"":""goo"",""diffMin"":-6},{""station"":""Wabowden"",""code"":""WBDN"",""estimated"":""2022-04-22T12:33:36Z"",""scheduled"":""2022-04-22T12:48:00Z"",""eta"":""ARR"",""arrival"":{""estimated"":""2022-04-22T12:33:36Z"",""scheduled"":""2022-04-22T12:48:00Z""},""departure"":{""estimated"":""2022-04-22T12:48:02Z"",""scheduled"":""2022-04-22T12:48:02Z""},""diff"":""goo"",""diffMin"":-14},{""station"":""Lyddal"",""code"":""LYDD"",""estimated"":""2022-04-22T13:44:11Z"",""scheduled"":""2022-04-22T13:16:00Z"",""eta"":""ARR"",""arrival"":{""estimated"":""2022-04-22T13:44:11Z"",""scheduled"":""2022-04-22T13:16:00Z""},""departure"":{""estimated"":""2022-04-22T13:44:11Z"",""scheduled"":""2022-04-22T13:16:02Z""},""diff"":""bad"",""diffMin"":28},{""station"":""Odhill"",""code"":""ODHI"",""estimated"":""2022-04-22T14:03:53Z"",""scheduled"":""2022-04-22T13:38:00Z"",""eta"":""ARR"",""arrival"":{""estimated"":""2022-04-22T14:03:53Z"",""scheduled"":""2022-04-22T13:38:00Z""},""departure"":{""estimated"":""2022-04-22T14:03:53Z"",""scheduled"":""2022-04-22T13:38:02Z""},""diff"":""bad"",""diffMin"":25},{""station"":""Hockin"",""code"":""HOCK"",""estimated"":""2022-04-22T14:47:35Z"",""scheduled"":""2022-04-22T14:22:00Z"",""eta"":""ARR"",""arrival"":{""estimated"":""2022-04-22T14:47:35Z"",""scheduled"":""2022-04-22T14:22:00Z""},""departure"":{""estimated"":""2022-04-22T14:47:35Z"",""scheduled"":""2022-04-22T14:22:02Z""},""diff"":""bad"",""diffMin"":25},{""station"":""Thicket Portage"",""code"":""THKP"",""estimated"":""2022-04-22T15:02:35Z"",""scheduled"":""2022-04-22T14:37:00Z"",""eta"":""ARR"",""arrival"":{""estimated"":""2022-04-22T15:02:35Z"",""scheduled"":""2022-04-22T14:37:00Z""},""departure"":{""estimated"":""2022-04-22T15:02:35Z"",""scheduled"":""2022-04-22T14:37:02Z""},""diff"":""bad"",""diffMin"":25},{""station"":""Leven"",""code"":""LEVN"",""estimated"":""2022-04-22T15:19:35Z"",""scheduled"":""2022-04-22T14:54:00Z"",""eta"":""ARR"",""arrival"":{""estimated"":""2022-04-22T15:19:35Z"",""scheduled"":""2022-04-22T14:54:00Z""},""departure"":{""estimated"":""2022-04-22T15:19:35Z"",""scheduled"":""2022-04-22T14:54:02Z""},""diff"":""bad"",""diffMin"":25},{""station"":""Thompson"",""code"":""THOM"",""estimated"":""2022-04-22T19:02:13Z"",""scheduled"":""2022-04-22T17:00:00Z"",""eta"":""ARR"",""arrival"":{""estimated"":""2022-04-22T19:02:13Z"",""scheduled"":""2022-04-22T17:00:00Z""},""departure"":{""estimated"":""2022-04-22T22:00:00Z"",""scheduled"":""2022-04-22T22:00:00Z""},""diff"":""bad"",""diffMin"":122},{""station"":""Sipiwesk"",""code"":""SIPI"",""estimated"":""2022-04-22T23:35:11Z"",""scheduled"":""2022-04-22T23:35:00Z"",""eta"":""ARR"",""arrival"":{""estimated"":""2022-04-22T23:35:11Z"",""scheduled"":""2022-04-22T23:35:00Z""},""departure"":{""estimated"":""2022-04-22T23:35:11Z"",""scheduled"":""2022-04-22T23:35:02Z""},""diff"":""goo"",""diffMin"":0},{""station"":""Pikwitonei"",""code"":""PIKW"",""estimated"":""2022-04-23T00:02:11Z"",""scheduled"":""2022-04-23T00:02:00Z"",""eta"":""ARR"",""arrival"":{""estimated"":""2022-04-23T00:02:11Z"",""scheduled"":""2022-04-23T00:02:00Z""},""departure"":{""estimated"":""2022-04-23T00:02:11Z"",""scheduled"":""2022-04-23T00:02:02Z""},""diff"":""goo"",""diffMin"":0},{""station"":""Bridgar"",""code"":""BRGR"",""estimated"":""2022-04-23T00:13:11Z"",""scheduled"":""2022-04-23T00:13:00Z"",""eta"":""ARR"",""arrival"":{""estimated"":""2022-04-23T00:13:11Z"",""scheduled"":""2022-04-23T00:13:00Z""},""departure"":{""estimated"":""2022-04-23T00:13:11Z"",""scheduled"":""2022-04-23T00:13:02Z""},""diff"":""goo"",""diffMin"":0},{""station"":""Pit Siding"",""code"":""PITS"",""estimated"":""2022-04-23T01:35:11Z"",""scheduled"":""2022-04-23T01:35:00Z"",""eta"":""ARR"",""arrival"":{""estimated"":""2022-04-23T01:35:11Z"",""scheduled"":""2022-04-23T01:35:00Z""},""departure"":{""estimated"":""2022-04-23T01:35:11Z"",""scheduled"":""2022-04-23T01:35:02Z""},""diff"":""goo"",""diffMin"":0},{""station"":""Ilford"",""code"":""ILFO"",""estimated"":""2022-04-23T02:59:08Z"",""scheduled"":""2022-04-23T02:36:00Z"",""eta"":""ARR"",""arrival"":{""estimated"":""2022-04-23T02:59:08Z"",""scheduled"":""2022-04-23T02:36:00Z""},""departure"":{""estimated"":""2022-04-23T02:59:08Z"",""scheduled"":""2022-04-23T02:36:02Z""},""diff"":""bad"",""diffMin"":23},{""station"":""Wivenhoe"",""code"":""WVHO"",""estimated"":""2022-04-23T04:02:16Z"",""scheduled"":""2022-04-23T03:13:00Z"",""eta"":""ARR"",""arrival"":{""estimated"":""2022-04-23T04:02:16Z"",""scheduled"":""2022-04-23T03:13:00Z""},""departure"":{""estimated"":""2022-04-23T04:02:16Z"",""scheduled"":""2022-04-23T03:13:02Z""},""diff"":""bad"",""diffMin"":49},{""station"":""Gillam"",""code"":""GILL"",""estimated"":""2022-04-23T04:52:55Z"",""scheduled"":""2022-04-23T04:00:01Z"",""eta"":""ARR"",""arrival"":{""estimated"":""2022-04-23T04:52:55Z"",""scheduled"":""2022-04-23T04:00:01Z""},""departure"":{""estimated"":""2022-04-23T04:52:55Z"",""scheduled"":""2022-04-23T04:30:00Z""},""diff"":""bad"",""diffMin"":52},{""station"":""Bird"",""code"":""BIRD"",""estimated"":""2022-04-23T05:55:06Z"",""scheduled"":""2022-04-23T05:29:00Z"",""eta"":""ARR"",""arrival"":{""estimated"":""2022-04-23T05:55:06Z"",""scheduled"":""2022-04-23T05:29:00Z""},""departure"":{""estimated"":""2022-04-23T05:55:06Z"",""scheduled"":""2022-04-23T05:29:02Z""},""diff"":""bad"",""diffMin"":26},{""station"":""Amery"",""code"":""AMRY"",""estimated"":""2022-04-23T06:18:45Z"",""scheduled"":""2022-04-23T05:51:00Z"",""eta"":""ARR"",""arrival"":{""estimated"":""2022-04-23T06:18:45Z"",""scheduled"":""2022-04-23T05:51:00Z""},""departure"":{""estimated"":""2022-04-23T06:18:45Z"",""scheduled"":""2022-04-23T05:51:02Z""},""diff"":""bad"",""diffMin"":27},{""station"":""Weir River"",""code"":""WEIR"",""estimated"":""2022-04-23T07:16:41Z"",""scheduled"":""2022-04-23T06:43:00Z"",""eta"":""ARR"",""arrival"":{""estimated"":""2022-04-23T07:16:41Z"",""scheduled"":""2022-04-23T06:43:00Z""},""departure"":{""estimated"":""2022-04-23T07:16:41Z"",""scheduled"":""2022-04-23T06:43:02Z""},""diff"":""bad"",""diffMin"":33},{""station"":""Thibaudeau"",""code"":""THIB"",""estimated"":""2022-04-23T08:00:03Z"",""scheduled"":""2022-04-23T08:00:00Z"",""eta"":""ARR"",""arrival"":{""estimated"":""2022-04-23T08:00:03Z"",""scheduled"":""2022-04-23T08:00:00Z""},""departure"":{""estimated"":""2022-04-23T08:00:03Z"",""scheduled"":""2022-04-23T08:00:02Z""},""diff"":""goo"",""diffMin"":0},{""station"":""Herchmer"",""code"":""HERC"",""estimated"":""2022-04-23T09:26:03Z"",""scheduled"":""2022-04-23T09:26:00Z"",""eta"":""ARR"",""arrival"":{""estimated"":""2022-04-23T09:26:03Z"",""scheduled"":""2022-04-23T09:26:00Z""},""departure"":{""estimated"":""2022-04-23T09:26:03Z"",""scheduled"":""2022-04-23T09:26:02Z""},""diff"":""goo"",""diffMin"":0},{""station"":""O'Day"",""code"":""ODAY"",""estimated"":""2022-04-23T10:05:03Z"",""scheduled"":""2022-04-23T10:05:00Z"",""eta"":""ARR"",""arrival"":{""estimated"":""2022-04-23T10:05:03Z"",""scheduled"":""2022-04-23T10:05:00Z""},""departure"":{""estimated"":""2022-04-23T10:05:03Z"",""scheduled"":""2022-04-23T10:05:02Z""},""diff"":""goo"",""diffMin"":0},{""station"":""M'Clintock"",""code"":""MCLI"",""estimated"":""2022-04-23T10:50:03Z"",""scheduled"":""2022-04-23T10:50:00Z"",""eta"":""ARR"",""arrival"":{""estimated"":""2022-04-23T10:50:03Z"",""scheduled"":""2022-04-23T10:50:00Z""},""departure"":{""estimated"":""2022-04-23T10:50:03Z"",""scheduled"":""2022-04-23T10:50:02Z""},""diff"":""goo"",""diffMin"":0},{""station"":""Chesnaye"",""code"":""CHES"",""estimated"":""2022-04-23T12:06:03Z"",""scheduled"":""2022-04-23T12:06:00Z"",""eta"":""ARR"",""arrival"":{""estimated"":""2022-04-23T12:06:03Z"",""scheduled"":""2022-04-23T12:06:00Z""},""departure"":{""estimated"":""2022-04-23T12:06:03Z"",""scheduled"":""2022-04-23T12:06:02Z""},""diff"":""goo"",""diffMin"":0},{""station"":""Tidal"",""code"":""TIDL"",""estimated"":""2022-04-23T13:24:14Z"",""scheduled"":""2022-04-23T13:37:00Z"",""eta"":""ARR"",""arrival"":{""estimated"":""2022-04-23T13:24:14Z"",""scheduled"":""2022-04-23T13:37:00Z""},""departure"":{""estimated"":""2022-04-23T13:22:55Z"",""scheduled"":""2022-04-23T13:37:02Z""},""diff"":""goo"",""diffMin"":-12},{""station"":""Churchill"",""code"":""CHUR"",""estimated"":""2022-04-23T14:08:22Z"",""scheduled"":""2022-04-23T14:00:00Z"",""eta"":""ARR"",""arrival"":{""estimated"":""2022-04-23T14:08:22Z"",""scheduled"":""2022-04-23T14:00:00Z""},""diff"":""med"",""diffMin"":8}]"
"692",true,false,"CHURCHILL","WINNIPEG","[{""station"":""Churchill"",""code"":""CHUR"",""estimated"":""2022-04-24T00:30:00Z"",""scheduled"":""2022-04-24T00:30:00Z"",""eta"":""ARR"",""departure"":{""estimated"":""2022-04-24T00:30:00Z"",""scheduled"":""2022-04-24T00:30:00Z""},""diff"":""goo"",""diffMin"":0},{""station"":""Tidal"",""code"":""TIDL"",""estimated"":""2022-04-24T00:55:58Z"",""scheduled"":""2022-04-24T00:52:00Z"",""eta"":""ARR"",""arrival"":{""estimated"":""2022-04-24T00:55:58Z"",""scheduled"":""2022-04-24T00:52:00Z""},""departure"":{""estimated"":""2022-04-24T00:55:58Z"",""scheduled"":""2022-04-24T00:52:02Z""},""diff"":""goo"",""diffMin"":3},{""station"":""Chesnaye"",""code"":""CHES"",""estimated"":""2022-04-24T02:20:07Z"",""scheduled"":""2022-04-24T02:23:00Z"",""eta"":""ARR"",""arrival"":{""estimated"":""2022-04-24T02:20:07Z"",""scheduled"":""2022-04-24T02:23:00Z""},""departure"":{""estimated"":""2022-04-24T02:23:02Z"",""scheduled"":""2022-04-24T02:23:02Z""},""diff"":""goo"",""diffMin"":-2},{""station"":""M'Clintock"",""code"":""MCLI"",""estimated"":""2022-04-24T03:39:00Z"",""scheduled"":""2022-04-24T03:39:00Z"",""eta"":""ARR"",""arrival"":{""estimated"":""2022-04-24T03:39:00Z"",""scheduled"":""2022-04-24T03:39:00Z""},""departure"":{""estimated"":""2022-04-24T03:39:02Z"",""scheduled"":""2022-04-24T03:39:02Z""},""diff"":""goo"",""diffMin"":0},{""station"":""O'Day"",""code"":""ODAY"",""estimated"":""2022-04-24T04:24:00Z"",""scheduled"":""2022-04-24T04:24:00Z"",""eta"":""ARR"",""arrival"":{""estimated"":""2022-04-24T04:24:00Z"",""scheduled"":""2022-04-24T04:24:00Z""},""departure"":{""estimated"":""2022-04-24T04:24:02Z"",""scheduled"":""2022-04-24T04:24:02Z""},""diff"":""goo"",""diffMin"":0},{""station"":""Herchmer"",""code"":""HERC"",""estimated"":""2022-04-24T05:03:00Z"",""scheduled"":""2022-04-24T05:03:00Z"",""eta"":""14 mins"",""arrival"":{""estimated"":""2022-04-24T05:03:00Z"",""scheduled"":""2022-04-24T05:03:00Z""},""departure"":{""estimated"":""2022-04-24T05:03:02Z"",""scheduled"":""2022-04-24T05:03:02Z""},""diff"":""goo"",""diffMin"":0},{""station"":""Thibaudeau"",""code"":""THIB"",""estimated"":""2022-04-24T06:29:00Z"",""scheduled"":""2022-04-24T06:29:00Z"",""eta"":""1h40"",""arrival"":{""estimated"":""2022-04-24T06:29:00Z"",""scheduled"":""2022-04-24T06:29:00Z""},""departure"":{""estimated"":""2022-04-24T06:29:02Z"",""scheduled"":""2022-04-24T06:29:02Z""},""diff"":""goo"",""diffMin"":0},{""station"":""Weir River"",""code"":""WEIR"",""estimated"":""2022-04-24T07:46:00Z"",""scheduled"":""2022-04-24T07:46:00Z"",""eta"":""2h57"",""arrival"":{""estimated"":""2022-04-24T07:46:00Z"",""scheduled"":""2022-04-24T07:46:00Z""},""departure"":{""estimated"":""2022-04-24T07:46:02Z"",""scheduled"":""2022-04-24T07:46:02Z""},""diff"":""goo"",""diffMin"":0},{""station"":""Amery"",""code"":""AMRY"",""estimated"":""2022-04-24T08:37:00Z"",""scheduled"":""2022-04-24T08:37:00Z"",""eta"":""3h48"",""arrival"":{""estimated"":""2022-04-24T08:37:00Z"",""scheduled"":""2022-04-24T08:37:00Z""},""departure"":{""estimated"":""2022-04-24T08:37:02Z"",""scheduled"":""2022-04-24T08:37:02Z""},""diff"":""goo"",""diffMin"":0},{""station"":""Bird"",""code"":""BIRD"",""estimated"":""2022-04-24T09:00:00Z"",""scheduled"":""2022-04-24T09:00:00Z"",""eta"":""4h11"",""arrival"":{""estimated"":""2022-04-24T09:00:00Z"",""scheduled"":""2022-04-24T09:00:00Z""},""departure"":{""estimated"":""2022-04-24T09:00:02Z"",""scheduled"":""2022-04-24T09:00:02Z""},""diff"":""goo"",""diffMin"":0},{""station"":""Gillam"",""code"":""GILL"",""estimated"":""2022-04-24T10:00:00Z"",""scheduled"":""2022-04-24T10:00:00Z"",""eta"":""5h11"",""arrival"":{""estimated"":""2022-04-24T10:00:00Z"",""scheduled"":""2022-04-24T10:00:00Z""},""departure"":{""estimated"":""2022-04-24T10:30:00Z"",""scheduled"":""2022-04-24T10:30:00Z""},""diff"":""goo"",""diffMin"":0},{""station"":""Wivenhoe"",""code"":""WVHO"",""estimated"":""2022-04-24T11:16:00Z"",""scheduled"":""2022-04-24T11:16:00Z"",""eta"":""6h27"",""arrival"":{""estimated"":""2022-04-24T11:16:00Z"",""scheduled"":""2022-04-24T11:16:00Z""},""departure"":{""estimated"":""2022-04-24T11:16:02Z"",""scheduled"":""2022-04-24T11:16:02Z""},""diff"":""goo"",""diffMin"":0},{""station"":""Ilford"",""code"":""ILFO"",""estimated"":""2022-04-24T11:53:00Z"",""scheduled"":""2022-04-24T11:53:00Z"",""eta"":""7h04"",""arrival"":{""estimated"":""2022-04-24T11:53:00Z"",""scheduled"":""2022-04-24T11:53:00Z""},""departure"":{""estimated"":""2022-04-24T11:53:02Z"",""scheduled"":""2022-04-24T11:53:02Z""},""diff"":""goo"",""diffMin"":0},{""station"":""Pit Siding"",""code"":""PITS"",""estimated"":""2022-04-24T12:54:00Z"",""scheduled"":""2022-04-24T12:54:00Z"",""eta"":""8h05"",""arrival"":{""estimated"":""2022-04-24T12:54:00Z"",""scheduled"":""2022-04-24T12:54:00Z""},""departure"":{""estimated"":""2022-04-24T12:54:02Z"",""scheduled"":""2022-04-24T12:54:02Z""},""diff"":""goo"",""diffMin"":0},{""station"":""Bridgar"",""code"":""BRGR"",""estimated"":""2022-04-24T14:16:00Z"",""scheduled"":""2022-04-24T14:16:00Z"",""eta"":""9h27"",""arrival"":{""estimated"":""2022-04-24T14:16:00Z"",""scheduled"":""2022-04-24T14:16:00Z""},""departure"":{""estimated"":""2022-04-24T14:16:02Z"",""scheduled"":""2022-04-24T14:16:02Z""},""diff"":""goo"",""diffMin"":0},{""station"":""Pikwitonei"",""code"":""PIKW"",""estimated"":""2022-04-24T14:27:00Z"",""scheduled"":""2022-04-24T14:27:00Z"",""eta"":""9h38"",""arrival"":{""estimated"":""2022-04-24T14:27:00Z"",""scheduled"":""2022-04-24T14:27:00Z""},""departure"":{""estimated"":""2022-04-24T14:27:02Z"",""scheduled"":""2022-04-24T14:27:02Z""},""diff"":""goo"",""diffMin"":0},{""station"":""Sipiwesk"",""code"":""SIPI"",""estimated"":""2022-04-24T14:54:00Z"",""scheduled"":""2022-04-24T14:54:00Z"",""eta"":""10h05"",""arrival"":{""estimated"":""2022-04-24T14:54:00Z"",""scheduled"":""2022-04-24T14:54:00Z""},""departure"":{""estimated"":""2022-04-24T14:54:02Z"",""scheduled"":""2022-04-24T14:54:02Z""},""diff"":""goo"",""diffMin"":0},{""station"":""Thompson"",""code"":""THOM"",""estimated"":""2022-04-24T16:30:00Z"",""scheduled"":""2022-04-24T16:30:00Z"",""eta"":""11h41"",""arrival"":{""estimated"":""2022-04-24T16:30:00Z"",""scheduled"":""2022-04-24T16:30:00Z""},""departure"":{""estimated"":""2022-04-24T19:00:00Z"",""scheduled"":""2022-04-24T19:00:00Z""},""diff"":""goo"",""diffMin"":0}]"
"62",false,false,"TORONTO","MONTRÉAL","[{""station"":""Toronto"",""code"":""TRTO"",""estimated"":""&mdash;"",""scheduled"":""2022-04-24T12:32:00Z"",""eta"":""&mdash;"",""departure"":{""estimated"":null,""scheduled"":""2022-04-24T12:32:00Z""}},{""station"":""Oshawa"",""code"":""OSHA"",""estimated"":""&mdash;"",""scheduled"":""2022-04-24T13:08:00Z"",""eta"":""&mdash;"",""arrival"":{""estimated"":null,""scheduled"":""2022-04-24T13:08:00Z""},""departure"":{""estimated"":""2022-04-24T13:56:00Z"",""scheduled"":""2022-04-24T13:11:00Z""}},{""station"":""Cobourg"",""code"":""CBRG"",""estimated"":""2022-04-24T14:26:00Z"",""scheduled"":""2022-04-24T13:41:00Z"",""eta"":""9h37"",""arrival"":{""estimated"":""2022-04-24T14:26:00Z"",""scheduled"":""2022-04-24T13:41:00Z""},""departure"":{""estimated"":""2022-04-24T14:28:00Z"",""scheduled"":""2022-04-24T13:43:00Z""},""diff"":""bad"",""diffMin"":45},{""station"":""Belleville"",""code"":""BLVL"",""estimated"":""2022-04-24T15:03:00Z"",""scheduled"":""2022-04-24T14:18:00Z"",""eta"":""10h14"",""arrival"":{""estimated"":""2022-04-24T15:03:00Z"",""scheduled"":""2022-04-24T14:18:00Z""},""departure"":{""estimated"":""2022-04-24T15:05:00Z"",""scheduled"":""2022-04-24T14:20:00Z""},""diff"":""bad"",""diffMin"":45},{""station"":""Kingston"",""code"":""KGON"",""estimated"":""2022-04-24T15:42:00Z"",""scheduled"":""2022-04-24T14:57:00Z"",""eta"":""10h53"",""arrival"":{""estimated"":""2022-04-24T15:42:00Z"",""scheduled"":""2022-04-24T14:57:00Z""},""departure"":{""estimated"":""2022-04-24T15:46:00Z"",""scheduled"":""2022-04-24T15:01:00Z""},""diff"":""bad"",""diffMin"":45},{""station"":""Cornwall"",""code"":""CWLL"",""estimated"":""2022-04-24T17:17:00Z"",""scheduled"":""2022-04-24T16:32:00Z"",""eta"":""12h28"",""arrival"":{""estimated"":""2022-04-24T17:17:00Z"",""scheduled"":""2022-04-24T16:32:00Z""},""departure"":{""estimated"":""2022-04-24T17:19:00Z"",""scheduled"":""2022-04-24T16:34:00Z""},""diff"":""bad"",""diffMin"":45},{""station"":""Dorval"",""code"":""DORV"",""estimated"":""2022-04-24T18:06:00Z"",""scheduled"":""2022-04-24T17:21:00Z"",""eta"":""13h17"",""arrival"":{""estimated"":""2022-04-24T18:06:00Z"",""scheduled"":""2022-04-24T17:21:00Z""},""departure"":{""estimated"":""2022-04-24T18:08:00Z"",""scheduled"":""2022-04-24T17:23:00Z""},""diff"":""bad"",""diffMin"":45},{""station"":""Montréal"",""code"":""MTRL"",""estimated"":""2022-04-24T18:28:00Z"",""scheduled"":""2022-04-24T17:43:00Z"",""eta"":""13h39"",""arrival"":{""estimated"":""2022-04-24T18:28:00Z"",""scheduled"":""2022-04-24T17:43:00Z""},""diff"":""bad"",""diffMin"":45}]"
"64",false,false,"TORONTO","MONTRÉAL","[{""station"":""Toronto"",""code"":""TRTO"",""estimated"":""&mdash;"",""scheduled"":""2022-04-24T15:32:00Z"",""eta"":""&mdash;"",""departure"":{""estimated"":null,""scheduled"":""2022-04-24T15:32:00Z""}},{""station"":""Oshawa"",""code"":""OSHA"",""estimated"":""&mdash;"",""scheduled"":""2022-04-24T16:08:00Z"",""eta"":""&mdash;"",""arrival"":{""estimated"":null,""scheduled"":""2022-04-24T16:08:00Z""},""departure"":{""estimated"":""2022-04-24T16:56:00Z"",""scheduled"":""2022-04-24T16:11:00Z""}},{""station"":""Cobourg"",""code"":""CBRG"",""estimated"":""2022-04-24T17:30:00Z"",""scheduled"":""2022-04-24T16:45:00Z"",""eta"":""12h41"",""arrival"":{""estimated"":""2022-04-24T17:30:00Z"",""scheduled"":""2022-04-24T16:45:00Z""},""departure"":{""estimated"":""2022-04-24T17:33:00Z"",""scheduled"":""2022-04-24T16:48:00Z""},""diff"":""bad"",""diffMin"":45},{""station"":""Belleville"",""code"":""BLVL"",""estimated"":""2022-04-24T18:10:00Z"",""scheduled"":""2022-04-24T17:25:00Z"",""eta"":""13h21"",""arrival"":{""estimated"":""2022-04-24T18:10:00Z"",""scheduled"":""2022-04-24T17:25:00Z""},""departure"":{""estimated"":""2022-04-24T18:14:00Z"",""scheduled"":""2022-04-24T17:29:00Z""},""diff"":""bad"",""diffMin"":45},{""station"":""Kingston"",""code"":""KGON"",""estimated"":""2022-04-24T18:51:00Z"",""scheduled"":""2022-04-24T18:06:00Z"",""eta"":""14h02"",""arrival"":{""estimated"":""2022-04-24T18:51:00Z"",""scheduled"":""2022-04-24T18:06:00Z""},""departure"":{""estimated"":""2022-04-24T18:56:00Z"",""scheduled"":""2022-04-24T18:11:00Z""},""diff"":""bad"",""diffMin"":45}]"
"72",false,false,"WINDSOR","TORONTO","[{""station"":""Windsor"",""code"":""WDON"",""estimated"":""&mdash;"",""scheduled"":""2022-04-24T12:48:00Z"",""eta"":""&mdash;"",""departure"":{""estimated"":null,""scheduled"":""2022-04-24T12:48:00Z""}},{""station"":""Chatham"",""code"":""CHAT"",""estimated"":""&mdash;"",""scheduled"":""2022-04-24T13:30:00Z"",""eta"":""&mdash;"",""arrival"":{""estimated"":null,""scheduled"":""2022-04-24T13:30:00Z""},""departure"":{""estimated"":null,""scheduled"":""2022-04-24T13:33:00Z""}},{""station"":""Glencoe"",""code"":""GLNC"",""estimated"":""&mdash;"",""scheduled"":""2022-04-24T14:04:00Z"",""eta"":""&mdash;"",""arrival"":{""estimated"":null,""scheduled"":""2022-04-24T14:04:00Z""},""departure"":{""estimated"":null,""scheduled"":""2022-04-24T14:05:00Z""}},{""station"":""London"",""code"":""LNDN"",""estimated"":""&mdash;"",""scheduled"":""2022-04-24T14:38:00Z"",""eta"":""&mdash;"",""arrival"":{""estimated"":null,""scheduled"":""2022-04-24T14:38:00Z""},""departure"":{""estimated"":null,""scheduled"":""2022-04-24T14:44:00Z""}},{""station"":""Ingersoll"",""code"":""INGR"",""estimated"":""&mdash;"",""scheduled"":""2022-04-24T15:04:00Z"",""eta"":""&mdash;"",""arrival"":{""estimated"":null,""scheduled"":""2022-04-24T15:04:00Z""},""departure"":{""estimated"":null,""scheduled"":""2022-04-24T15:05:00Z""}},{""station"":""Woodstock"",""code"":""WDST"",""estimated"":""&mdash;"",""scheduled"":""2022-04-24T15:20:00Z"",""eta"":""&mdash;"",""arrival"":{""estimated"":null,""scheduled"":""2022-04-24T15:20:00Z""},""departure"":{""estimated"":null,""scheduled"":""2022-04-24T15:23:00Z""}},{""station"":""Brantford"",""code"":""BRTF"",""estimated"":""&mdash;"",""scheduled"":""2022-04-24T15:52:00Z"",""eta"":""&mdash;"",""arrival"":{""estimated"":null,""scheduled"":""2022-04-24T15:52:00Z""},""departure"":{""estimated"":null,""scheduled"":""2022-04-24T15:54:00Z""}},{""station"":""Aldershot"",""code"":""ALDR"",""estimated"":""&mdash;"",""scheduled"":""2022-04-24T16:25:00Z"",""eta"":""&mdash;"",""arrival"":{""estimated"":null,""scheduled"":""2022-04-24T16:25:00Z""},""departure"":{""estimated"":null,""scheduled"":""2022-04-24T16:26:00Z""}},{""station"":""Oakville"",""code"":""OAKV"",""estimated"":""&mdash;"",""scheduled"":""2022-04-24T16:39:00Z"",""eta"":""&mdash;"",""arrival"":{""estimated"":null,""scheduled"":""2022-04-24T16:39:00Z""},""departure"":{""estimated"":null,""scheduled"":""2022-04-24T16:41:00Z""}},{""station"":""Toronto"",""code"":""TRTO"",""estimated"":""&mdash;"",""scheduled"":""2022-04-24T17:05:00Z"",""eta"":""&mdash;"",""arrival"":{""estimated"":null,""scheduled"":""2022-04-24T17:05:00Z""}}]"
"76",false,false,"WINDSOR","TORONTO","[{""station"":""Windsor"",""code"":""WDON"",""estimated"":""&mdash;"",""scheduled"":""2022-04-24T17:46:00Z"",""eta"":""&mdash;"",""departure"":{""estimated"":null,""scheduled"":""2022-04-24T17:46:00Z""}},{""station"":""Chatham"",""code"":""CHAT"",""estimated"":""&mdash;"",""scheduled"":""2022-04-24T18:28:00Z"",""eta"":""&mdash;"",""arrival"":{""estimated"":null,""scheduled"":""2022-04-24T18:28:00Z""},""departure"":{""estimated"":null,""scheduled"":""2022-04-24T18:31:00Z""}}]"
"52",false,false,"TORONTO","OTTAWA","[{""station"":""Toronto"",""code"":""TRTO"",""estimated"":""&mdash;"",""scheduled"":""2022-04-24T12:32:00Z"",""eta"":""&mdash;"",""departure"":{""estimated"":null,""scheduled"":""2022-04-24T12:32:00Z""}},{""station"":""Oshawa"",""code"":""OSHA"",""estimated"":""&mdash;"",""scheduled"":""2022-04-24T13:08:00Z"",""eta"":""&mdash;"",""arrival"":{""estimated"":null,""scheduled"":""2022-04-24T13:08:00Z""},""departure"":{""estimated"":""2022-04-24T13:56:00Z"",""scheduled"":""2022-04-24T13:11:00Z""}},{""station"":""Cobourg"",""code"":""CBRG"",""estimated"":""2022-04-24T14:26:00Z"",""scheduled"":""2022-04-24T13:41:00Z"",""eta"":""9h37"",""arrival"":{""estimated"":""2022-04-24T14:26:00Z"",""scheduled"":""2022-04-24T13:41:00Z""},""departure"":{""estimated"":""2022-04-24T14:28:00Z"",""scheduled"":""2022-04-24T13:43:00Z""},""diff"":""bad"",""diffMin"":45},{""station"":""Belleville"",""code"":""BLVL"",""estimated"":""2022-04-24T15:03:00Z"",""scheduled"":""2022-04-24T14:18:00Z"",""eta"":""10h14"",""arrival"":{""estimated"":""2022-04-24T15:03:00Z"",""scheduled"":""2022-04-24T14:18:00Z""},""departure"":{""estimated"":""2022-04-24T15:05:00Z"",""scheduled"":""2022-04-24T14:20:00Z""},""diff"":""bad"",""diffMin"":45},{""station"":""Kingston"",""code"":""KGON"",""estimated"":""2022-04-24T15:42:00Z"",""scheduled"":""2022-04-24T14:57:00Z"",""eta"":""10h53"",""arrival"":{""estimated"":""2022-04-24T15:42:00Z"",""scheduled"":""2022-04-24T14:57:00Z""},""departure"":{""estimated"":""2022-04-24T15:46:00Z"",""scheduled"":""2022-04-24T15:01:00Z""},""diff"":""bad"",""diffMin"":45},{""station"":""Brockville"",""code"":""BRKV"",""estimated"":""2022-04-24T16:39:00Z"",""scheduled"":""2022-04-24T15:54:00Z"",""eta"":""11h50"",""arrival"":{""estimated"":""2022-04-24T16:39:00Z"",""scheduled"":""2022-04-24T15:54:00Z""},""departure"":{""estimated"":""2022-04-24T16:41:00Z"",""scheduled"":""2022-04-24T15:56:00Z""},""diff"":""bad"",""diffMin"":45},{""station"":""Smiths Falls"",""code"":""SMTF"",""estimated"":""2022-04-24T17:09:00Z"",""scheduled"":""2022-04-24T16:24:00Z"",""eta"":""12h20"",""arrival"":{""estimated"":""2022-04-24T17:09:00Z"",""scheduled"":""2022-04-24T16:24:00Z""},""departure"":{""estimated"":""2022-04-24T17:10:00Z"",""scheduled"":""2022-04-24T16:25:00Z""},""diff"":""bad"",""diffMin"":45},{""station"":""Fallowfield"",""code"":""FALL"",""estimated"":""2022-04-24T17:49:00Z"",""scheduled"":""2022-04-24T17:04:00Z"",""eta"":""13h00"",""arrival"":{""estimated"":""2022-04-24T17:49:00Z"",""scheduled"":""2022-04-24T17:04:00Z""},""departure"":{""estimated"":""2022-04-24T17:53:00Z"",""scheduled"":""2022-04-24T17:08:00Z""},""diff"":""bad"",""diffMin"":45},{""station"":""Ottawa"",""code"":""OTTW"",""estimated"":""2022-04-24T18:10:00Z"",""scheduled"":""2022-04-24T17:25:00Z"",""eta"":""13h21"",""arrival"":{""estimated"":""2022-04-24T18:10:00Z"",""scheduled"":""2022-04-24T17:25:00Z""},""diff"":""bad"",""diffMin"":45}]"
"42",false,false,"TORONTO","OTTAWA","[{""station"":""Toronto"",""code"":""TRTO"",""estimated"":""&mdash;"",""scheduled"":""2022-04-24T15:32:00Z"",""eta"":""&mdash;"",""departure"":{""estimated"":null,""scheduled"":""2022-04-24T15:32:00Z""}},{""station"":""Oshawa"",""code"":""OSHA"",""estimated"":""&mdash;"",""scheduled"":""2022-04-24T16:53:00Z"",""eta"":""&mdash;"",""arrival"":{""estimated"":null,""scheduled"":""2022-04-24T16:53:00Z""},""departure"":{""estimated"":""2022-04-24T16:55:00Z"",""scheduled"":""2022-04-24T16:55:00Z""}},{""station"":""Port Hope"",""code"":""PHOP"",""estimated"":""2022-04-24T17:19:00Z"",""scheduled"":""2022-04-24T17:19:00Z"",""eta"":""12h30"",""arrival"":{""estimated"":""2022-04-24T17:19:00Z"",""scheduled"":""2022-04-24T17:19:00Z""},""departure"":{""estimated"":""2022-04-24T17:20:00Z"",""scheduled"":""2022-04-24T17:20:00Z""},""diff"":""goo"",""diffMin"":0},{""station"":""Cobourg"",""code"":""CBRG"",""estimated"":""2022-04-24T17:27:00Z"",""scheduled"":""2022-04-24T17:27:00Z"",""eta"":""12h38"",""arrival"":{""estimated"":""2022-04-24T17:27:00Z"",""scheduled"":""2022-04-24T17:27:00Z""},""departure"":{""estimated"":""2022-04-24T17:29:00Z"",""scheduled"":""2022-04-24T17:29:00Z""},""diff"":""goo"",""diffMin"":0},{""station"":""Trenton Jct."",""code"":""TRNJ"",""estimated"":""2022-04-24T17:52:01Z"",""scheduled"":""2022-04-24T17:52:01Z"",""eta"":""13h03"",""arrival"":{""estimated"":""2022-04-24T17:52:01Z"",""scheduled"":""2022-04-24T17:52:01Z""},""departure"":{""estimated"":""2022-04-24T17:53:00Z"",""scheduled"":""2022-04-24T17:53:00Z""},""diff"":""goo"",""diffMin"":0},{""station"":""Belleville"",""code"":""BLVL"",""estimated"":""2022-04-24T18:05:00Z"",""scheduled"":""2022-04-24T18:05:00Z"",""eta"":""13h16"",""arrival"":{""estimated"":""2022-04-24T18:05:00Z"",""scheduled"":""2022-04-24T18:05:00Z""},""departure"":{""estimated"":""2022-04-24T18:07:00Z"",""scheduled"":""2022-04-24T18:07:00Z""},""diff"":""goo"",""diffMin"":0},{""station"":""Napanee"",""code"":""NAPN"",""estimated"":""2022-04-24T18:25:00Z"",""scheduled"":""2022-04-24T18:25:00Z"",""eta"":""13h36"",""arrival"":{""estimated"":""2022-04-24T18:25:00Z"",""scheduled"":""2022-04-24T18:25:00Z""},""departure"":{""estimated"":""2022-04-24T18:26:00Z"",""scheduled"":""2022-04-24T18:26:00Z""},""diff"":""goo"",""diffMin"":0},{""station"":""Kingston"",""code"":""KGON"",""estimated"":""2022-04-24T18:45:00Z"",""scheduled"":""2022-04-24T18:45:00Z"",""eta"":""13h56"",""arrival"":{""estimated"":""2022-04-24T18:45:00Z"",""scheduled"":""2022-04-24T18:45:00Z""},""departure"":{""estimated"":""2022-04-24T18:47:00Z"",""scheduled"":""2022-04-24T18:47:00Z""},""diff"":""goo"",""diffMin"":0}]"
"186",false,false,"WHITE RIVER","SUDBURY","[{""station"":""White River"",""code"":""WHTR"",""estimated"":""&mdash;"",""scheduled"":""2022-04-24T11:00:00Z"",""eta"":""&mdash;"",""departure"":{""estimated"":null,""scheduled"":""2022-04-24T11:00:00Z""}},{""station"":""O'Brien"",""code"":""OBRI"",""estimated"":""&mdash;"",""scheduled"":""2022-04-24T11:15:00Z"",""eta"":""&mdash;"",""arrival"":{""estimated"":null,""scheduled"":""2022-04-24T11:15:00Z""},""departure"":{""estimated"":null,""scheduled"":""2022-04-24T11:15:02Z""}},{""station"":""Amyot"",""code"":""AMYO"",""estimated"":""&mdash;"",""scheduled"":""2022-04-24T11:35:00Z"",""eta"":""&mdash;"",""arrival"":{""estimated"":null,""scheduled"":""2022-04-24T11:35:00Z""},""departure"":{""estimated"":null,""scheduled"":""2022-04-24T11:35:02Z""}},{""station"":""Girdwood"",""code"":""GIRD"",""estimated"":""&mdash;"",""scheduled"":""2022-04-24T11:45:00Z"",""eta"":""&mdash;"",""arrival"":{""estimated"":null,""scheduled"":""2022-04-24T11:45:00Z""},""departure"":{""estimated"":null,""scheduled"":""2022-04-24T11:45:02Z""}},{""station"":""Swanson"",""code"":""SWAN"",""estimated"":""&mdash;"",""scheduled"":""2022-04-24T12:10:00Z"",""eta"":""&mdash;"",""arrival"":{""estimated"":null,""scheduled"":""2022-04-24T12:10:00Z""},""departure"":{""estimated"":null,""scheduled"":""2022-04-24T12:10:02Z""}},{""station"":""Franz"",""code"":""FRNZ"",""estimated"":""&mdash;"",""scheduled"":""2022-04-24T12:20:00Z"",""eta"":""&mdash;"",""arrival"":{""estimated"":null,""scheduled"":""2022-04-24T12:20:00Z""},""departure"":{""estimated"":null,""scheduled"":""2022-04-24T12:20:02Z""}},{""station"":""Lochalsh"",""code"":""LOCH"",""estimated"":""&mdash;"",""scheduled"":""2022-04-24T12:40:00Z"",""eta"":""&mdash;"",""arrival"":{""estimated"":null,""scheduled"":""2022-04-24T12:40:00Z""},""departure"":{""estimated"":null,""scheduled"":""2022-04-24T12:40:02Z""}},{""station"":""Missanabie"",""code"":""MSBI"",""estimated"":""&mdash;"",""scheduled"":""2022-04-24T13:00:00Z"",""eta"":""&mdash;"",""arrival"":{""estimated"":null,""scheduled"":""2022-04-24T13:00:00Z""},""departure"":{""estimated"":null,""scheduled"":""2022-04-24T13:00:02Z""}},{""station"":""Dalton"",""code"":""DALT"",""estimated"":""&mdash;"",""scheduled"":""2022-04-24T13:20:00Z"",""eta"":""&mdash;"",""arrival"":{""estimated"":null,""scheduled"":""2022-04-24T13:20:00Z""},""departure"":{""estimated"":null,""scheduled"":""2022-04-24T13:20:02Z""}},{""station"":""Bolkow"",""code"":""BOLK"",""estimated"":""&mdash;"",""scheduled"":""2022-04-24T13:35:00Z"",""eta"":""&mdash;"",""arrival"":{""estimated"":null,""scheduled"":""2022-04-24T13:35:00Z""},""departure"":{""estimated"":null,""scheduled"":""2022-04-24T13:35:02Z""}},{""station"":""Nicholson"",""code"":""NICH"",""estimated"":""&mdash;"",""scheduled"":""2022-04-24T13:55:01Z"",""eta"":""&mdash;"",""arrival"":{""estimated"":null,""scheduled"":""2022-04-24T13:55:01Z""},""departure"":{""estimated"":null,""scheduled"":""2022-04-24T13:55:02Z""}},{""station"":""Musk"",""code"":""MUSK"",""estimated"":""&mdash;"",""scheduled"":""2022-04-24T14:02:00Z"",""eta"":""&mdash;"",""arrival"":{""estimated"":null,""scheduled"":""2022-04-24T14:02:00Z""},""departure"":{""estimated"":null,""scheduled"":""2022-04-24T14:02:02Z""}},{""station"":""Esher"",""code"":""ESHR"",""estimated"":""&mdash;"",""scheduled"":""2022-04-24T14:15:00Z"",""eta"":""&mdash;"",""arrival"":{""estimated"":null,""scheduled"":""2022-04-24T14:15:00Z""},""departure"":{""estimated"":null,""scheduled"":""2022-04-24T14:15:02Z""}},{""station"":""Chapleau"",""code"":""CHAP"",""estimated"":""&mdash;"",""scheduled"":""2022-04-24T14:30:00Z"",""eta"":""&mdash;"",""arrival"":{""estimated"":null,""scheduled"":""2022-04-24T14:30:00Z""},""departure"":{""estimated"":null,""scheduled"":""2022-04-24T14:45:00Z""}},{""station"":""Devon"",""code"":""DEVN"",""estimated"":""&mdash;"",""scheduled"":""2022-04-24T15:00:00Z"",""eta"":""&mdash;"",""arrival"":{""estimated"":null,""scheduled"":""2022-04-24T15:00:00Z""},""departure"":{""estimated"":null,""scheduled"":""2022-04-24T15:00:02Z""}},{""station"":""Nemegos"",""code"":""NEME"",""estimated"":""&mdash;"",""scheduled"":""2022-04-24T15:15:00Z"",""eta"":""&mdash;"",""arrival"":{""estimated"":null,""scheduled"":""2022-04-24T15:15:00Z""},""departure"":{""estimated"":null,""scheduled"":""2022-04-24T15:15:02Z""}},{""station"":""Kinogama"",""code"":""KINO"",""estimated"":""&mdash;"",""scheduled"":""2022-04-24T15:29:00Z"",""eta"":""&mdash;"",""arrival"":{""estimated"":null,""scheduled"":""2022-04-24T15:29:00Z""},""departure"":{""estimated"":null,""scheduled"":""2022-04-24T15:29:02Z""}},{""station"":""Kormak"",""code"":""KORM"",""estimated"":""&mdash;"",""scheduled"":""2022-04-24T15:31:00Z"",""eta"":""&mdash;"",""arrival"":{""estimated"":null,""scheduled"":""2022-04-24T15:31:00Z""},""departure"":{""estimated"":null,""scheduled"":""2022-04-24T15:31:02Z""}},{""station"":""Sultan"",""code"":""SULT"",""estimated"":""&mdash;"",""scheduled"":""2022-04-24T15:50:00Z"",""eta"":""&mdash;"",""arrival"":{""estimated"":null,""scheduled"":""2022-04-24T15:50:00Z""},""departure"":{""estimated"":null,""scheduled"":""2022-04-24T15:50:02Z""}},{""station"":""Woman River"",""code"":""WOMR"",""estimated"":""&mdash;"",""scheduled"":""2022-04-24T16:05:00Z"",""eta"":""&mdash;"",""arrival"":{""estimated"":null,""scheduled"":""2022-04-24T16:05:00Z""},""departure"":{""estimated"":null,""scheduled"":""2022-04-24T16:05:02Z""}},{""station"":""Ramsey"",""code"":""RAMS"",""estimated"":""&mdash;"",""scheduled"":""2022-04-24T16:20:00Z"",""eta"":""&mdash;"",""arrival"":{""estimated"":null,""scheduled"":""2022-04-24T16:20:00Z""},""departure"":{""estimated"":null,""scheduled"":""2022-04-24T16:20:02Z""}},{""station"":""Roberts"",""code"":""RBRT"",""estimated"":""&mdash;"",""scheduled"":""2022-04-24T16:37:00Z"",""eta"":""&mdash;"",""arrival"":{""estimated"":null,""scheduled"":""2022-04-24T16:37:00Z""},""departure"":{""estimated"":null,""scheduled"":""2022-04-24T16:37:02Z""}},{""station"":""Biscotasing"",""code"":""BISC"",""estimated"":""&mdash;"",""scheduled"":""2022-04-24T16:45:00Z"",""eta"":""&mdash;"",""arrival"":{""estimated"":null,""scheduled"":""2022-04-24T16:45:00Z""},""departure"":{""estimated"":null,""scheduled"":""2022-04-24T16:45:02Z""}},{""station"":""Sinker"",""code"":""SNKR"",""estimated"":""&mdash;"",""scheduled"":""2022-04-24T17:10:00Z"",""eta"":""&mdash;"",""arrival"":{""estimated"":null,""scheduled"":""2022-04-24T17:10:00Z""},""departure"":{""estimated"":null,""scheduled"":""2022-04-24T17:10:02Z""}},{""station"":""Metagama"",""code"":""MTGM"",""estimated"":""&mdash;"",""scheduled"":""2022-04-24T17:15:00Z"",""eta"":""&mdash;"",""arrival"":{""estimated"":null,""scheduled"":""2022-04-24T17:15:00Z""},""departure"":{""estimated"":null,""scheduled"":""2022-04-24T17:15:02Z""}},{""station"":""Forks"",""code"":""FRKS"",""estimated"":""&mdash;"",""scheduled"":""2022-04-24T17:31:00Z"",""eta"":""&mdash;"",""arrival"":{""estimated"":null,""scheduled"":""2022-04-24T17:31:00Z""},""departure"":{""estimated"":null,""scheduled"":""2022-04-24T17:31:02Z""}},{""station"":""Sheahan"",""code"":""SHEA"",""estimated"":""&mdash;"",""scheduled"":""2022-04-24T17:41:00Z"",""eta"":""&mdash;"",""arrival"":{""estimated"":null,""scheduled"":""2022-04-24T17:41:00Z""},""departure"":{""estimated"":null,""scheduled"":""2022-04-24T17:41:02Z""}},{""station"":""Pogamasing"",""code"":""POGA"",""estimated"":""&mdash;"",""scheduled"":""2022-04-24T17:45:00Z"",""eta"":""&mdash;"",""arrival"":{""estimated"":null,""scheduled"":""2022-04-24T17:45:00Z""},""departure"":{""estimated"":null,""scheduled"":""2022-04-24T17:45:02Z""}},{""station"":""Stralak"",""code"":""STRL"",""estimated"":""&mdash;"",""scheduled"":""2022-04-24T18:03:00Z"",""eta"":""&mdash;"",""arrival"":{""estimated"":null,""scheduled"":""2022-04-24T18:03:00Z""},""departure"":{""estimated"":null,""scheduled"":""2022-04-24T18:03:02Z""}},{""station"":""Benny"",""code"":""BENN"",""estimated"":""&mdash;"",""scheduled"":""2022-04-24T18:10:00Z"",""eta"":""&mdash;"",""arrival"":{""estimated"":null,""scheduled"":""2022-04-24T18:10:00Z""},""departure"":{""estimated"":null,""scheduled"":""2022-04-24T18:10:02Z""}},{""station"":""Cartier"",""code"":""CART"",""estimated"":""&mdash;"",""scheduled"":""2022-04-24T18:25:00Z"",""eta"":""&mdash;"",""arrival"":{""estimated"":null,""scheduled"":""2022-04-24T18:25:00Z""},""departure"":{""estimated"":null,""scheduled"":""2022-04-24T18:30:00Z""}},{""station"":""Levack"",""code"":""LEVA"",""estimated"":""&mdash;"",""scheduled"":""2022-04-24T18:45:00Z"",""eta"":""&mdash;"",""arrival"":{""estimated"":null,""scheduled"":""2022-04-24T18:45:00Z""},""departure"":{""estimated"":null,""scheduled"":""2022-04-24T18:45:02Z""}}]"
"37",false,false,"QUÉBEC","OTTAWA","[{""station"":""Québec"",""code"":""QBEC"",""estimated"":""&mdash;"",""scheduled"":""2022-04-24T16:36:00Z"",""eta"":""&mdash;"",""departure"":{""estimated"":null,""scheduled"":""2022-04-24T16:36:00Z""}},{""station"":""Ste-Foy"",""code"":""SFOY"",""estimated"":""&mdash;"",""scheduled"":""2022-04-24T17:00:00Z"",""eta"":""&mdash;"",""arrival"":{""estimated"":null,""scheduled"":""2022-04-24T17:00:00Z""},""departure"":{""estimated"":null,""scheduled"":""2022-04-24T17:02:00Z""}},{""station"":""Drummondville"",""code"":""DRMV"",""estimated"":""&mdash;"",""scheduled"":""2022-04-24T18:43:00Z"",""eta"":""&mdash;"",""arrival"":{""estimated"":null,""scheduled"":""2022-04-24T18:43:00Z""},""departure"":{""estimated"":null,""scheduled"":""2022-04-24T18:45:00Z""}}]"
"602",false,false,"JONQUIÈRE","MONTRÉAL","[{""station"":""Jonquière"",""code"":""JONQ"",""estimated"":""&mdash;"",""scheduled"":""2022-04-24T15:10:00Z"",""eta"":""&mdash;"",""departure"":{""estimated"":null,""scheduled"":""2022-04-24T15:10:00Z""}},{""station"":""Hébertville"",""code"":""HEBV"",""estimated"":""&mdash;"",""scheduled"":""2022-04-24T15:39:00Z"",""eta"":""&mdash;"",""arrival"":{""estimated"":null,""scheduled"":""2022-04-24T15:39:00Z""},""departure"":{""estimated"":null,""scheduled"":""2022-04-24T15:39:02Z""}},{""station"":""Chambord"",""code"":""CHBD"",""estimated"":""&mdash;"",""scheduled"":""2022-04-24T16:10:00Z"",""eta"":""&mdash;"",""arrival"":{""estimated"":null,""scheduled"":""2022-04-24T16:10:00Z""},""departure"":{""estimated"":null,""scheduled"":""2022-04-24T16:11:00Z""}},{""station"":""Lac-Bouchette"",""code"":""LBOU"",""estimated"":""&mdash;"",""scheduled"":""2022-04-24T16:41:00Z"",""eta"":""&mdash;"",""arrival"":{""estimated"":null,""scheduled"":""2022-04-24T16:41:00Z""},""departure"":{""estimated"":null,""scheduled"":""2022-04-24T16:41:02Z""}},{""station"":""Club Lizotte"",""code"":""LIZO"",""estimated"":""&mdash;"",""scheduled"":""2022-04-24T17:03:00Z"",""eta"":""&mdash;"",""arrival"":{""estimated"":null,""scheduled"":""2022-04-24T17:03:00Z""},""departure"":{""estimated"":null,""scheduled"":""2022-04-24T17:03:02Z""}},{""station"":""Kondiaronk"",""code"":""KOND"",""estimated"":""&mdash;"",""scheduled"":""2022-04-24T17:15:00Z"",""eta"":""&mdash;"",""arrival"":{""estimated"":null,""scheduled"":""2022-04-24T17:15:00Z""},""departure"":{""estimated"":null,""scheduled"":""2022-04-24T17:15:02Z""}},{""station"":""Lac Des Roches"",""code"":""LDES"",""estimated"":""&mdash;"",""scheduled"":""2022-04-24T17:17:00Z"",""eta"":""&mdash;"",""arrival"":{""estimated"":null,""scheduled"":""2022-04-24T17:17:00Z""},""departure"":{""estimated"":null,""scheduled"":""2022-04-24T17:17:02Z""}},{""station"":""Van Bruyssel"",""code"":""VBRU"",""estimated"":""&mdash;"",""scheduled"":""2022-04-24T17:25:00Z"",""eta"":""&mdash;"",""arrival"":{""estimated"":null,""scheduled"":""2022-04-24T17:25:00Z""},""departure"":{""estimated"":null,""scheduled"":""2022-04-24T17:25:02Z""}},{""station"":""Kiskissink"",""code"":""KISK"",""estimated"":""&mdash;"",""scheduled"":""2022-04-24T17:27:00Z"",""eta"":""&mdash;"",""arrival"":{""estimated"":null,""scheduled"":""2022-04-24T17:27:00Z""},""departure"":{""estimated"":null,""scheduled"":""2022-04-24T17:27:02Z""}},{""station"":""Brooks"",""code"":""BRQU"",""estimated"":""&mdash;"",""scheduled"":""2022-04-24T17:38:00Z"",""eta"":""&mdash;"",""arrival"":{""estimated"":null,""scheduled"":""2022-04-24T17:38:00Z""},""departure"":{""estimated"":null,""scheduled"":""2022-04-24T17:38:02Z""}},{""station"":""Summit"",""code"":""SMQU"",""estimated"":""&mdash;"",""scheduled"":""2022-04-24T17:44:00Z"",""eta"":""&mdash;"",""arrival"":{""estimated"":null,""scheduled"":""2022-04-24T17:44:00Z""},""departure"":{""estimated"":null,""scheduled"":""2022-04-24T17:44:02Z""}},{""station"":""Club Sommet"",""code"":""SMMC"",""estimated"":""&mdash;"",""scheduled"":""2022-04-24T17:46:00Z"",""eta"":""&mdash;"",""arrival"":{""estimated"":null,""scheduled"":""2022-04-24T17:46:00Z""},""departure"":{""estimated"":null,""scheduled"":""2022-04-24T17:46:02Z""}},{""station"":""Club Grégoire"",""code"":""GRGC"",""estimated"":""&mdash;"",""scheduled"":""2022-04-24T17:51:00Z"",""eta"":""&mdash;"",""arrival"":{""estimated"":null,""scheduled"":""2022-04-24T17:51:00Z""},""departure"":{""estimated"":null,""scheduled"":""2022-04-24T17:51:02Z""}},{""station"":""Caribou"",""code"":""CARI"",""estimated"":""&mdash;"",""scheduled"":""2022-04-24T17:55:00Z"",""eta"":""&mdash;"",""arrival"":{""estimated"":null,""scheduled"":""2022-04-24T17:55:00Z""},""departure"":{""estimated"":null,""scheduled"":""2022-04-24T17:55:02Z""}},{""station"":""Cherokee"",""code"":""CHER"",""estimated"":""&mdash;"",""scheduled"":""2022-04-24T17:57:00Z"",""eta"":""&mdash;"",""arrival"":{""estimated"":null,""scheduled"":""2022-04-24T17:57:00Z""},""departure"":{""estimated"":null,""scheduled"":""2022-04-24T17:57:02Z""}},{""station"":""Lac-Édouard"",""code"":""LEDW"",""estimated"":""&mdash;"",""scheduled"":""2022-04-24T18:04:00Z"",""eta"":""&mdash;"",""arrival"":{""estimated"":null,""scheduled"":""2022-04-24T18:04:00Z""},""departure"":{""estimated"":null,""scheduled"":""2022-04-24T18:05:00Z""}},{""station"":""Club Triton"",""code"":""TRTC"",""estimated"":""&mdash;"",""scheduled"":""2022-04-24T18:13:00Z"",""eta"":""&mdash;"",""arrival"":{""estimated"":null,""scheduled"":""2022-04-24T18:13:00Z""},""departure"":{""estimated"":null,""scheduled"":""2022-04-24T18:13:02Z""}},{""station"":""Club Nicole"",""code"":""NCLC"",""estimated"":""&mdash;"",""scheduled"":""2022-04-24T18:17:00Z"",""eta"":""&mdash;"",""arrival"":{""estimated"":null,""scheduled"":""2022-04-24T18:17:00Z""},""departure"":{""estimated"":null,""scheduled"":""2022-04-24T18:17:02Z""}},{""station"":""Hirondelle"",""code"":""HRDL"",""estimated"":""&mdash;"",""scheduled"":""2022-04-24T18:22:00Z"",""eta"":""&mdash;"",""arrival"":{""estimated"":null,""scheduled"":""2022-04-24T18:22:00Z""},""departure"":{""estimated"":null,""scheduled"":""2022-04-24T18:22:02Z""}},{""station"":""Lac-Aux-Perles"",""code"":""PRLL"",""estimated"":""&mdash;"",""scheduled"":""2022-04-24T18:24:00Z"",""eta"":""&mdash;"",""arrival"":{""estimated"":null,""scheduled"":""2022-04-24T18:24:00Z""},""departure"":{""estimated"":null,""scheduled"":""2022-04-24T18:24:02Z""}},{""station"":""Sanford"",""code"":""SANF"",""estimated"":""&mdash;"",""scheduled"":""2022-04-24T18:30:00Z"",""eta"":""&mdash;"",""arrival"":{""estimated"":null,""scheduled"":""2022-04-24T18:30:00Z""},""departure"":{""estimated"":null,""scheduled"":""2022-04-24T18:30:02Z""}},{""station"":""Stadacona"",""code"":""STAD"",""estimated"":""&mdash;"",""scheduled"":""2022-04-24T18:37:00Z"",""eta"":""&mdash;"",""arrival"":{""estimated"":null,""scheduled"":""2022-04-24T18:37:00Z""},""departure"":{""estimated"":null,""scheduled"":""2022-04-24T18:37:02Z""}},{""station"":""Club Iroquois"",""code"":""IRQC"",""estimated"":""&mdash;"",""scheduled"":""2022-04-24T18:40:00Z"",""eta"":""&mdash;"",""arrival"":{""estimated"":null,""scheduled"":""2022-04-24T18:40:00Z""},""departure"":{""estimated"":null,""scheduled"":""2022-04-24T18:40:02Z""}},{""station"":""Lac Malouin"",""code"":""LMAL"",""estimated"":""&mdash;"",""scheduled"":""2022-04-24T18:43:00Z"",""eta"":""&mdash;"",""arrival"":{""estimated"":null,""scheduled"":""2022-04-24T18:43:00Z""},""departure"":{""estimated"":null,""scheduled"":""2022-04-24T18:43:02Z""}},{""station"":""Bima"",""code"":""BIMA"",""estimated"":""&mdash;"",""scheduled"":""2022-04-24T18:45:00Z"",""eta"":""&mdash;"",""arrival"":{""estimated"":null,""scheduled"":""2022-04-24T18:45:00Z""},""departure"":{""estimated"":null,""scheduled"":""2022-04-24T18:45:02Z""}},{""station"":""Saint-Hilaire"",""code"":""SHPN"",""estimated"":""&mdash;"",""scheduled"":""2022-04-24T18:47:00Z"",""eta"":""&mdash;"",""arrival"":{""estimated"":null,""scheduled"":""2022-04-24T18:47:00Z""},""departure"":{""estimated"":null,""scheduled"":""2022-04-24T18:47:02Z""}}]"
"693",false,false,"WINNIPEG","CHURCHILL","[{""station"":""Winnipeg"",""code"":""WNPG"",""estimated"":""&mdash;"",""scheduled"":""2022-04-24T17:05:00Z"",""eta"":""&mdash;"",""departure"":{""estimated"":null,""scheduled"":""2022-04-24T17:05:00Z""}},{""station"":""Portage La Prairie"",""code"":""PLPX"",""estimated"":""&mdash;"",""scheduled"":""2022-04-24T18:15:00Z"",""eta"":""&mdash;"",""arrival"":{""estimated"":null,""scheduled"":""2022-04-24T18:15:00Z""},""departure"":{""estimated"":null,""scheduled"":""2022-04-24T18:15:22Z""}}]"
"24",false,false,"OTTAWA","QUÉBEC","[{""station"":""Ottawa"",""code"":""OTTW"",""estimated"":""&mdash;"",""scheduled"":""2022-04-24T14:15:00Z"",""eta"":""&mdash;"",""departure"":{""estimated"":null,""scheduled"":""2022-04-24T14:15:00Z""}},{""station"":""Alexandria"",""code"":""ALEX"",""estimated"":""&mdash;"",""scheduled"":""2022-04-24T15:05:00Z"",""eta"":""&mdash;"",""arrival"":{""estimated"":null,""scheduled"":""2022-04-24T15:05:00Z""},""departure"":{""estimated"":null,""scheduled"":""2022-04-24T15:07:00Z""}},{""station"":""Coteau"",""code"":""COTO"",""estimated"":""&mdash;"",""scheduled"":""2022-04-24T15:32:00Z"",""eta"":""&mdash;"",""arrival"":{""estimated"":null,""scheduled"":""2022-04-24T15:32:00Z""},""departure"":{""estimated"":null,""scheduled"":""2022-04-24T15:33:00Z""}},{""station"":""Dorval"",""code"":""DORV"",""estimated"":""&mdash;"",""scheduled"":""2022-04-24T15:53:00Z"",""eta"":""&mdash;"",""arrival"":{""estimated"":null,""scheduled"":""2022-04-24T15:53:00Z""},""departure"":{""estimated"":null,""scheduled"":""2022-04-24T15:55:00Z""}},{""station"":""Montréal"",""code"":""MTRL"",""estimated"":""&mdash;"",""scheduled"":""2022-04-24T16:15:00Z"",""eta"":""&mdash;"",""arrival"":{""estimated"":null,""scheduled"":""2022-04-24T16:15:00Z""},""departure"":{""estimated"":""2022-04-24T16:45:00Z"",""scheduled"":""2022-04-24T16:45:00Z""}},{""station"":""St. Lambert"",""code"":""SLAM"",""estimated"":""2022-04-24T17:06:00Z"",""scheduled"":""2022-04-24T17:06:00Z"",""eta"":""12h17"",""arrival"":{""estimated"":""2022-04-24T17:06:00Z"",""scheduled"":""2022-04-24T17:06:00Z""},""departure"":{""estimated"":""2022-04-24T17:08:00Z"",""scheduled"":""2022-04-24T17:08:00Z""},""diff"":""goo"",""diffMin"":0},{""station"":""St. Hyacinthe"",""code"":""SHYA"",""estimated"":""2022-04-24T17:34:00Z"",""scheduled"":""2022-04-24T17:34:00Z"",""eta"":""12h45"",""arrival"":{""estimated"":""2022-04-24T17:34:00Z"",""scheduled"":""2022-04-24T17:34:00Z""},""departure"":{""estimated"":""2022-04-24T17:35:00Z"",""scheduled"":""2022-04-24T17:35:00Z""},""diff"":""goo"",""diffMin"":0},{""station"":""Drummondville"",""code"":""DRMV"",""estimated"":""2022-04-24T18:01:00Z"",""scheduled"":""2022-04-24T18:01:00Z"",""eta"":""13h12"",""arrival"":{""estimated"":""2022-04-24T18:01:00Z"",""scheduled"":""2022-04-24T18:01:00Z""},""departure"":{""estimated"":""2022-04-24T18:03:00Z"",""scheduled"":""2022-04-24T18:03:00Z""},""diff"":""goo"",""diffMin"":0}]"
"35",false,false,"QUÉBEC","OTTAWA","[{""station"":""Québec"",""code"":""QBEC"",""estimated"":""&mdash;"",""scheduled"":""2022-04-24T12:00:00Z"",""eta"":""&mdash;"",""departure"":{""estimated"":null,""scheduled"":""2022-04-24T12:00:00Z""}},{""station"":""Ste-Foy"",""code"":""SFOY"",""estimated"":""&mdash;"",""scheduled"":""2022-04-24T12:24:00Z"",""eta"":""&mdash;"",""arrival"":{""estimated"":null,""scheduled"":""2022-04-24T12:24:00Z""},""departure"":{""estimated"":null,""scheduled"":""2022-04-24T12:26:00Z""}},{""station"":""Charny"",""code"":""CHNY"",""estimated"":""&mdash;"",""scheduled"":""2022-04-24T12:32:00Z"",""eta"":""&mdash;"",""arrival"":{""estimated"":null,""scheduled"":""2022-04-24T12:32:00Z""},""departure"":{""estimated"":null,""scheduled"":""2022-04-24T12:34:00Z""}},{""station"":""Drummondville"",""code"":""DRMV"",""estimated"":""&mdash;"",""scheduled"":""2022-04-24T14:02:00Z"",""eta"":""&mdash;"",""arrival"":{""estimated"":null,""scheduled"":""2022-04-24T14:02:00Z""},""departure"":{""estimated"":null,""scheduled"":""2022-04-24T14:05:00Z""}},{""station"":""St. Hyacinthe"",""code"":""SHYA"",""estimated"":""&mdash;"",""scheduled"":""2022-04-24T14:36:00Z"",""eta"":""&mdash;"",""arrival"":{""estimated"":null,""scheduled"":""2022-04-24T14:36:00Z""},""departure"":{""estimated"":null,""scheduled"":""2022-04-24T14:38:00Z""}},{""station"":""St. Lambert"",""code"":""SLAM"",""estimated"":""&mdash;"",""scheduled"":""2022-04-24T15:12:00Z"",""eta"":""&mdash;"",""arrival"":{""estimated"":null,""scheduled"":""2022-04-24T15:12:00Z""},""departure"":{""estimated"":null,""scheduled"":""2022-04-24T15:14:00Z""}},{""station"":""Montréal"",""code"":""MTRL"",""estimated"":""&mdash;"",""scheduled"":""2022-04-24T15:25:00Z"",""eta"":""&mdash;"",""arrival"":{""estimated"":null,""scheduled"":""2022-04-24T15:25:00Z""},""departure"":{""estimated"":""2022-04-24T15:54:00Z"",""scheduled"":""2022-04-24T15:54:00Z""}},{""station"":""Dorval"",""code"":""DORV"",""estimated"":""2022-04-24T16:26:00Z"",""scheduled"":""2022-04-24T16:26:00Z"",""eta"":""11h37"",""arrival"":{""estimated"":""2022-04-24T16:26:00Z"",""scheduled"":""2022-04-24T16:26:00Z""},""departure"":{""estimated"":""2022-04-24T16:29:00Z"",""scheduled"":""2022-04-24T16:29:00Z""},""diff"":""goo"",""diffMin"":0},{""station"":""Coteau"",""code"":""COTO"",""estimated"":""2022-04-24T16:52:00Z"",""scheduled"":""2022-04-24T16:52:00Z"",""eta"":""12h03"",""arrival"":{""estimated"":""2022-04-24T16:52:00Z"",""scheduled"":""2022-04-24T16:52:00Z""},""departure"":{""estimated"":""2022-04-24T16:53:00Z"",""scheduled"":""2022-04-24T16:53:00Z""},""diff"":""goo"",""diffMin"":0},{""station"":""Alexandria"",""code"":""ALEX"",""estimated"":""2022-04-24T17:15:00Z"",""scheduled"":""2022-04-24T17:15:00Z"",""eta"":""12h26"",""arrival"":{""estimated"":""2022-04-24T17:15:00Z"",""scheduled"":""2022-04-24T17:15:00Z""},""departure"":{""estimated"":""2022-04-24T17:17:00Z"",""scheduled"":""2022-04-24T17:17:00Z""},""diff"":""goo"",""diffMin"":0},{""station"":""Casselman"",""code"":""CSLM"",""estimated"":""2022-04-24T17:38:00Z"",""scheduled"":""2022-04-24T17:38:00Z"",""eta"":""12h49"",""arrival"":{""estimated"":""2022-04-24T17:38:00Z"",""scheduled"":""2022-04-24T17:38:00Z""},""departure"":{""estimated"":""2022-04-24T17:40:00Z"",""scheduled"":""2022-04-24T17:40:00Z""},""diff"":""goo"",""diffMin"":0},{""station"":""Ottawa"",""code"":""OTTW"",""estimated"":""2022-04-24T18:05:00Z"",""scheduled"":""2022-04-24T18:05:00Z"",""eta"":""13h16"",""arrival"":{""estimated"":""2022-04-24T18:05:00Z"",""scheduled"":""2022-04-24T18:05:00Z""},""diff"":""goo"",""diffMin"":0}]"
"53",false,false,"OTTAWA","TORONTO","[{""station"":""Ottawa"",""code"":""OTTW"",""estimated"":""&mdash;"",""scheduled"":""2022-04-24T15:45:00Z"",""eta"":""&mdash;"",""departure"":{""estimated"":null,""scheduled"":""2022-04-24T15:45:00Z""}},{""station"":""Fallowfield"",""code"":""FALL"",""estimated"":""&mdash;"",""scheduled"":""2022-04-24T16:02:00Z"",""eta"":""&mdash;"",""arrival"":{""estimated"":null,""scheduled"":""2022-04-24T16:02:00Z""},""departure"":{""estimated"":null,""scheduled"":""2022-04-24T16:05:00Z""}},{""station"":""Smiths Falls"",""code"":""SMTF"",""estimated"":""&mdash;"",""scheduled"":""2022-04-24T16:34:00Z"",""eta"":""&mdash;"",""arrival"":{""estimated"":null,""scheduled"":""2022-04-24T16:34:00Z""},""departure"":{""estimated"":null,""scheduled"":""2022-04-24T16:35:00Z""}},{""station"":""Brockville"",""code"":""BRKV"",""estimated"":""&mdash;"",""scheduled"":""2022-04-24T17:09:00Z"",""eta"":""&mdash;"",""arrival"":{""estimated"":null,""scheduled"":""2022-04-24T17:09:00Z""},""departure"":{""estimated"":null,""scheduled"":""2022-04-24T17:10:00Z""}},{""station"":""Gananoque"",""code"":""GANA"",""estimated"":""&mdash;"",""scheduled"":""2022-04-24T17:36:00Z"",""eta"":""&mdash;"",""arrival"":{""estimated"":null,""scheduled"":""2022-04-24T17:36:00Z""},""departure"":{""estimated"":null,""scheduled"":""2022-04-24T17:37:00Z""}},{""station"":""Kingston"",""code"":""KGON"",""estimated"":""&mdash;"",""scheduled"":""2022-04-24T17:57:00Z"",""eta"":""&mdash;"",""arrival"":{""estimated"":null,""scheduled"":""2022-04-24T17:57:00Z""},""departure"":{""estimated"":null,""scheduled"":""2022-04-24T18:01:00Z""}},{""station"":""Belleville"",""code"":""BLVL"",""estimated"":""&mdash;"",""scheduled"":""2022-04-24T18:40:00Z"",""eta"":""&mdash;"",""arrival"":{""estimated"":null,""scheduled"":""2022-04-24T18:40:00Z""},""departure"":{""estimated"":null,""scheduled"":""2022-04-24T18:43:00Z""}}]"
"63",false,false,"MONTRÉAL","TORONTO","[{""station"":""Montréal"",""code"":""MTRL"",""estimated"":""&mdash;"",""scheduled"":""2022-04-24T12:50:00Z"",""eta"":""&mdash;"",""departure"":{""estimated"":null,""scheduled"":""2022-04-24T12:50:00Z""}},{""station"":""Dorval"",""code"":""DORV"",""estimated"":""&mdash;"",""scheduled"":""2022-04-24T13:12:00Z"",""eta"":""&mdash;"",""arrival"":{""estimated"":null,""scheduled"":""2022-04-24T13:12:00Z""},""departure"":{""estimated"":null,""scheduled"":""2022-04-24T13:15:00Z""}},{""station"":""Cornwall"",""code"":""CWLL"",""estimated"":""&mdash;"",""scheduled"":""2022-04-24T14:03:00Z"",""eta"":""&mdash;"",""arrival"":{""estimated"":null,""scheduled"":""2022-04-24T14:03:00Z""},""departure"":{""estimated"":null,""scheduled"":""2022-04-24T14:05:00Z""}},{""station"":""Brockville"",""code"":""BRKV"",""estimated"":""&mdash;"",""scheduled"":""2022-04-24T14:49:00Z"",""eta"":""&mdash;"",""arrival"":{""estimated"":null,""scheduled"":""2022-04-24T14:49:00Z""},""departure"":{""estimated"":null,""scheduled"":""2022-04-24T14:51:00Z""}},{""station"":""Kingston"",""code"":""KGON"",""estimated"":""&mdash;"",""scheduled"":""2022-04-24T15:34:00Z"",""eta"":""&mdash;"",""arrival"":{""estimated"":null,""scheduled"":""2022-04-24T15:34:00Z""},""departure"":{""estimated"":null,""scheduled"":""2022-04-24T15:38:00Z""}},{""station"":""Belleville"",""code"":""BLVL"",""estimated"":""&mdash;"",""scheduled"":""2022-04-24T16:20:00Z"",""eta"":""&mdash;"",""arrival"":{""estimated"":null,""scheduled"":""2022-04-24T16:20:00Z""},""departure"":{""estimated"":null,""scheduled"":""2022-04-24T16:21:00Z""}},{""station"":""Cobourg"",""code"":""CBRG"",""estimated"":""&mdash;"",""scheduled"":""2022-04-24T17:01:00Z"",""eta"":""&mdash;"",""arrival"":{""estimated"":null,""scheduled"":""2022-04-24T17:01:00Z""},""departure"":{""estimated"":null,""scheduled"":""2022-04-24T17:02:00Z""}},{""station"":""Oshawa"",""code"":""OSHA"",""estimated"":""&mdash;"",""scheduled"":""2022-04-24T17:38:00Z"",""eta"":""&mdash;"",""arrival"":{""estimated"":null,""scheduled"":""2022-04-24T17:38:00Z""},""departure"":{""estimated"":null,""scheduled"":""2022-04-24T17:40:00Z""}},{""station"":""Toronto"",""code"":""TRTO"",""estimated"":""2022-04-24T19:03:00Z"",""scheduled"":""2022-04-24T18:18:00Z"",""eta"":""14h14"",""arrival"":{""estimated"":""2022-04-24T19:03:00Z"",""scheduled"":""2022-04-24T18:18:00Z""},""diff"":""bad"",""diffMin"":45}]"
"65",false,false,"MONTRÉAL","TORONTO","[{""station"":""Montréal"",""code"":""MTRL"",""estimated"":""&mdash;"",""scheduled"":""2022-04-24T15:00:00Z"",""eta"":""&mdash;"",""departure"":{""estimated"":null,""scheduled"":""2022-04-24T15:00:00Z""}},{""station"":""Dorval"",""code"":""DORV"",""estimated"":""&mdash;"",""scheduled"":""2022-04-24T15:22:00Z"",""eta"":""&mdash;"",""arrival"":{""estimated"":null,""scheduled"":""2022-04-24T15:22:00Z""},""departure"":{""estimated"":null,""scheduled"":""2022-04-24T15:26:00Z""}},{""station"":""Cornwall"",""code"":""CWLL"",""estimated"":""&mdash;"",""scheduled"":""2022-04-24T16:14:00Z"",""eta"":""&mdash;"",""arrival"":{""estimated"":null,""scheduled"":""2022-04-24T16:14:00Z""},""departure"":{""estimated"":null,""scheduled"":""2022-04-24T16:17:00Z""}},{""station"":""Kingston"",""code"":""KGON"",""estimated"":""&mdash;"",""scheduled"":""2022-04-24T17:41:00Z"",""eta"":""&mdash;"",""arrival"":{""estimated"":null,""scheduled"":""2022-04-24T17:41:00Z""},""departure"":{""estimated"":null,""scheduled"":""2022-04-24T17:45:00Z""}},{""station"":""Belleville"",""code"":""BLVL"",""estimated"":""&mdash;"",""scheduled"":""2022-04-24T18:25:00Z"",""eta"":""&mdash;"",""arrival"":{""estimated"":null,""scheduled"":""2022-04-24T18:25:00Z""},""departure"":{""estimated"":null,""scheduled"":""2022-04-24T18:27:00Z""}}]"
"643",false,false,"OTTAWA","TORONTO","[{""station"":""Ottawa"",""code"":""OTTW"",""estimated"":""&mdash;"",""scheduled"":""2022-04-24T12:35:00Z"",""eta"":""&mdash;"",""departure"":{""estimated"":null,""scheduled"":""2022-04-24T12:35:00Z""}},{""station"":""Fallowfield"",""code"":""FALL"",""estimated"":""&mdash;"",""scheduled"":""2022-04-24T12:52:00Z"",""eta"":""&mdash;"",""arrival"":{""estimated"":null,""scheduled"":""2022-04-24T12:52:00Z""},""departure"":{""estimated"":null,""scheduled"":""2022-04-24T12:56:00Z""}},{""station"":""Smiths Falls"",""code"":""SMTF"",""estimated"":""&mdash;"",""scheduled"":""2022-04-24T13:22:00Z"",""eta"":""&mdash;"",""arrival"":{""estimated"":null,""scheduled"":""2022-04-24T13:22:00Z""},""departure"":{""estimated"":null,""scheduled"":""2022-04-24T13:24:00Z""}},{""station"":""Brockville"",""code"":""BRKV"",""estimated"":""&mdash;"",""scheduled"":""2022-04-24T13:51:00Z"",""eta"":""&mdash;"",""arrival"":{""estimated"":null,""scheduled"":""2022-04-24T13:51:00Z""},""departure"":{""estimated"":null,""scheduled"":""2022-04-24T13:53:00Z""}},{""station"":""Kingston"",""code"":""KGON"",""estimated"":""&mdash;"",""scheduled"":""2022-04-24T14:33:00Z"",""eta"":""&mdash;"",""arrival"":{""estimated"":null,""scheduled"":""2022-04-24T14:33:00Z""},""departure"":{""estimated"":null,""scheduled"":""2022-04-24T14:36:00Z""}},{""station"":""Napanee"",""code"":""NAPN"",""estimated"":""&mdash;"",""scheduled"":""2022-04-24T14:56:00Z"",""eta"":""&mdash;"",""arrival"":{""estimated"":null,""scheduled"":""2022-04-24T14:56:00Z""},""departure"":{""estimated"":null,""scheduled"":""2022-04-24T14:57:00Z""}},{""station"":""Belleville"",""code"":""BLVL"",""estimated"":""&mdash;"",""scheduled"":""2022-04-24T15:18:00Z"",""eta"":""&mdash;"",""arrival"":{""estimated"":null,""scheduled"":""2022-04-24T15:18:00Z""},""departure"":{""estimated"":null,""scheduled"":""2022-04-24T15:20:00Z""}},{""station"":""Trenton Jct."",""code"":""TRNJ"",""estimated"":""&mdash;"",""scheduled"":""2022-04-24T15:31:00Z"",""eta"":""&mdash;"",""arrival"":{""estimated"":null,""scheduled"":""2022-04-24T15:31:00Z""},""departure"":{""estimated"":null,""scheduled"":""2022-04-24T15:32:00Z""}},{""station"":""Cobourg"",""code"":""CBRG"",""estimated"":""&mdash;"",""scheduled"":""2022-04-24T15:56:00Z"",""eta"":""&mdash;"",""arrival"":{""estimated"":null,""scheduled"":""2022-04-24T15:56:00Z""},""departure"":{""estimated"":null,""scheduled"":""2022-04-24T15:58:00Z""}},{""station"":""Port Hope"",""code"":""PHOP"",""estimated"":""&mdash;"",""scheduled"":""2022-04-24T16:05:00Z"",""eta"":""&mdash;"",""arrival"":{""estimated"":null,""scheduled"":""2022-04-24T16:05:00Z""},""departure"":{""estimated"":null,""scheduled"":""2022-04-24T16:06:00Z""}},{""station"":""Oshawa"",""code"":""OSHA"",""estimated"":""&mdash;"",""scheduled"":""2022-04-24T16:35:00Z"",""eta"":""&mdash;"",""arrival"":{""estimated"":null,""scheduled"":""2022-04-24T16:35:00Z""},""departure"":{""estimated"":null,""scheduled"":""2022-04-24T16:38:00Z""}},{""station"":""Toronto"",""code"":""TRTO"",""estimated"":""2022-04-24T18:03:00Z"",""scheduled"":""2022-04-24T17:18:00Z"",""eta"":""13h14"",""arrival"":{""estimated"":""2022-04-24T18:03:00Z"",""scheduled"":""2022-04-24T17:18:00Z""},""diff"":""bad"",""diffMin"":45}]"
"67",false,false,"MONTRÉAL","TORONTO","[{""station"":""Montréal"",""code"":""MTRL"",""estimated"":""&mdash;"",""scheduled"":""2022-04-24T17:23:00Z"",""eta"":""&mdash;"",""departure"":{""estimated"":null,""scheduled"":""2022-04-24T17:23:00Z""}},{""station"":""Dorval"",""code"":""DORV"",""estimated"":""&mdash;"",""scheduled"":""2022-04-24T17:44:00Z"",""eta"":""&mdash;"",""arrival"":{""estimated"":null,""scheduled"":""2022-04-24T17:44:00Z""},""departure"":{""estimated"":null,""scheduled"":""2022-04-24T17:47:00Z""}},{""station"":""Cornwall"",""code"":""CWLL"",""estimated"":""&mdash;"",""scheduled"":""2022-04-24T18:34:00Z"",""eta"":""&mdash;"",""arrival"":{""estimated"":null,""scheduled"":""2022-04-24T18:34:00Z""},""departure"":{""estimated"":null,""scheduled"":""2022-04-24T18:36:00Z""}}]"
"633",false,false,"MONTRÉAL","OTTAWA","[{""station"":""Montréal"",""code"":""MTRL"",""estimated"":""&mdash;"",""scheduled"":""2022-04-24T13:00:00Z"",""eta"":""&mdash;"",""departure"":{""estimated"":null,""scheduled"":""2022-04-24T13:00:00Z""}},{""station"":""Dorval"",""code"":""DORV"",""estimated"":""&mdash;"",""scheduled"":""2022-04-24T13:22:00Z"",""eta"":""&mdash;"",""arrival"":{""estimated"":null,""scheduled"":""2022-04-24T13:22:00Z""},""departure"":{""estimated"":null,""scheduled"":""2022-04-24T13:24:00Z""}},{""station"":""Alexandria"",""code"":""ALEX"",""estimated"":""&mdash;"",""scheduled"":""2022-04-24T14:09:00Z"",""eta"":""&mdash;"",""arrival"":{""estimated"":null,""scheduled"":""2022-04-24T14:09:00Z""},""departure"":{""estimated"":null,""scheduled"":""2022-04-24T14:11:00Z""}},{""station"":""Casselman"",""code"":""CSLM"",""estimated"":""&mdash;"",""scheduled"":""2022-04-24T14:32:00Z"",""eta"":""&mdash;"",""arrival"":{""estimated"":null,""scheduled"":""2022-04-24T14:32:00Z""},""departure"":{""estimated"":null,""scheduled"":""2022-04-24T14:33:00Z""}},{""station"":""Ottawa"",""code"":""OTTW"",""estimated"":""&mdash;"",""scheduled"":""2022-04-24T15:04:00Z"",""eta"":""&mdash;"",""arrival"":{""estimated"":null,""scheduled"":""2022-04-24T15:04:00Z""}}]"
"70",false,false,"WINDSOR","TORONTO","[{""station"":""Windsor"",""code"":""WDON"",""estimated"":""&mdash;"",""scheduled"":""2022-04-24T09:40:00Z"",""eta"":""&mdash;"",""departure"":{""estimated"":null,""scheduled"":""2022-04-24T09:40:00Z""}},{""station"":""Chatham"",""code"":""CHAT"",""estimated"":""&mdash;"",""scheduled"":""2022-04-24T10:24:00Z"",""eta"":""&mdash;"",""arrival"":{""estimated"":null,""scheduled"":""2022-04-24T10:24:00Z""},""departure"":{""estimated"":null,""scheduled"":""2022-04-24T10:28:00Z""}},{""station"":""London"",""code"":""LNDN"",""estimated"":""&mdash;"",""scheduled"":""2022-04-24T11:30:00Z"",""eta"":""&mdash;"",""arrival"":{""estimated"":null,""scheduled"":""2022-04-24T11:30:00Z""},""departure"":{""estimated"":""2022-04-24T11:40:00Z"",""scheduled"":""2022-04-24T11:40:00Z""}},{""station"":""Ingersoll"",""code"":""INGR"",""estimated"":""2022-04-24T12:00:00Z"",""scheduled"":""2022-04-24T12:00:00Z"",""eta"":""7h11"",""arrival"":{""estimated"":""2022-04-24T12:00:00Z"",""scheduled"":""2022-04-24T12:00:00Z""},""departure"":{""estimated"":""2022-04-24T12:02:00Z"",""scheduled"":""2022-04-24T12:02:00Z""},""diff"":""goo"",""diffMin"":0},{""station"":""Woodstock"",""code"":""WDST"",""estimated"":""2022-04-24T12:13:00Z"",""scheduled"":""2022-04-24T12:13:00Z"",""eta"":""7h24"",""arrival"":{""estimated"":""2022-04-24T12:13:00Z"",""scheduled"":""2022-04-24T12:13:00Z""},""departure"":{""estimated"":""2022-04-24T12:17:00Z"",""scheduled"":""2022-04-24T12:17:00Z""},""diff"":""goo"",""diffMin"":0},{""station"":""Brantford"",""code"":""BRTF"",""estimated"":""2022-04-24T12:49:00Z"",""scheduled"":""2022-04-24T12:49:00Z"",""eta"":""8h00"",""arrival"":{""estimated"":""2022-04-24T12:49:00Z"",""scheduled"":""2022-04-24T12:49:00Z""},""departure"":{""estimated"":""2022-04-24T12:51:00Z"",""scheduled"":""2022-04-24T12:51:00Z""},""diff"":""goo"",""diffMin"":0},{""station"":""Aldershot"",""code"":""ALDR"",""estimated"":""2022-04-24T13:28:00Z"",""scheduled"":""2022-04-24T13:28:00Z"",""eta"":""8h39"",""arrival"":{""estimated"":""2022-04-24T13:28:00Z"",""scheduled"":""2022-04-24T13:28:00Z""},""departure"":{""estimated"":""2022-04-24T13:31:00Z"",""scheduled"":""2022-04-24T13:31:00Z""},""diff"":""goo"",""diffMin"":0},{""station"":""Oakville"",""code"":""OAKV"",""estimated"":""2022-04-24T13:43:00Z"",""scheduled"":""2022-04-24T13:43:00Z"",""eta"":""8h54"",""arrival"":{""estimated"":""2022-04-24T13:43:00Z"",""scheduled"":""2022-04-24T13:43:00Z""},""departure"":{""estimated"":""2022-04-24T13:46:00Z"",""scheduled"":""2022-04-24T13:46:00Z""},""diff"":""goo"",""diffMin"":0},{""station"":""Toronto"",""code"":""TRTO"",""estimated"":""2022-04-24T14:10:00Z"",""scheduled"":""2022-04-24T14:10:00Z"",""eta"":""9h21"",""arrival"":{""estimated"":""2022-04-24T14:10:00Z"",""scheduled"":""2022-04-24T14:10:00Z""},""diff"":""goo"",""diffMin"":0}]"
"606",false,false,"SENNETERRE","MONTRÉAL","[{""station"":""Senneterre"",""code"":""SENN"",""estimated"":""&mdash;"",""scheduled"":""2022-04-24T12:45:00Z"",""eta"":""&mdash;"",""departure"":{""estimated"":null,""scheduled"":""2022-04-24T12:45:00Z""}},{""station"":""Mégiscane"",""code"":""MEGI"",""estimated"":""&mdash;"",""scheduled"":""2022-04-24T12:58:00Z"",""eta"":""&mdash;"",""arrival"":{""estimated"":null,""scheduled"":""2022-04-24T12:58:00Z""},""departure"":{""estimated"":null,""scheduled"":""2022-04-24T12:58:02Z""}},{""station"":""Signai"",""code"":""SIGN"",""estimated"":""&mdash;"",""scheduled"":""2022-04-24T13:15:00Z"",""eta"":""&mdash;"",""arrival"":{""estimated"":null,""scheduled"":""2022-04-24T13:15:00Z""},""departure"":{""estimated"":null,""scheduled"":""2022-04-24T13:15:02Z""}},{""station"":""Press"",""code"":""PRSS"",""estimated"":""&mdash;"",""scheduled"":""2022-04-24T13:23:00Z"",""eta"":""&mdash;"",""arrival"":{""estimated"":null,""scheduled"":""2022-04-24T13:23:00Z""},""departure"":{""estimated"":null,""scheduled"":""2022-04-24T13:23:02Z""}},{""station"":""Forsythe"",""code"":""FORS"",""estimated"":""&mdash;"",""scheduled"":""2022-04-24T13:41:00Z"",""eta"":""&mdash;"",""arrival"":{""estimated"":null,""scheduled"":""2022-04-24T13:41:00Z""},""departure"":{""estimated"":null,""scheduled"":""2022-04-24T13:41:02Z""}},{""station"":""Bolger"",""code"":""BGQU"",""estimated"":""&mdash;"",""scheduled"":""2022-04-24T13:56:00Z"",""eta"":""&mdash;"",""arrival"":{""estimated"":null,""scheduled"":""2022-04-24T13:56:00Z""},""departure"":{""estimated"":null,""scheduled"":""2022-04-24T13:56:02Z""}},{""station"":""Dix"",""code"":""DIXX"",""estimated"":""&mdash;"",""scheduled"":""2022-04-24T13:59:01Z"",""eta"":""&mdash;"",""arrival"":{""estimated"":null,""scheduled"":""2022-04-24T13:59:01Z""},""departure"":{""estimated"":null,""scheduled"":""2022-04-24T13:59:03Z""}},{""station"":""Gagnon"",""code"":""GAGN"",""estimated"":""&mdash;"",""scheduled"":""2022-04-24T14:02:00Z"",""eta"":""&mdash;"",""arrival"":{""estimated"":null,""scheduled"":""2022-04-24T14:02:00Z""},""departure"":{""estimated"":null,""scheduled"":""2022-04-24T14:02:02Z""}},{""station"":""Da-Rou-Lac Lodge"",""code"":""DRLL"",""estimated"":""&mdash;"",""scheduled"":""2022-04-24T14:07:00Z"",""eta"":""&mdash;"",""arrival"":{""estimated"":null,""scheduled"":""2022-04-24T14:07:00Z""},""departure"":{""estimated"":null,""scheduled"":""2022-04-24T14:07:02Z""}},{""station"":""Langlade"",""code"":""LNGL"",""estimated"":""&mdash;"",""scheduled"":""2022-04-24T14:09:00Z"",""eta"":""&mdash;"",""arrival"":{""estimated"":null,""scheduled"":""2022-04-24T14:09:00Z""},""departure"":{""estimated"":null,""scheduled"":""2022-04-24T14:09:02Z""}},{""station"":""Club Beaudin Inc."",""code"":""BDNC"",""estimated"":""&mdash;"",""scheduled"":""2022-04-24T14:12:00Z"",""eta"":""&mdash;"",""arrival"":{""estimated"":null,""scheduled"":""2022-04-24T14:12:00Z""},""departure"":{""estimated"":null,""scheduled"":""2022-04-24T14:12:02Z""}},{""station"":""Bourmont"",""code"":""BRMT"",""estimated"":""&mdash;"",""scheduled"":""2022-04-24T14:14:00Z"",""eta"":""&mdash;"",""arrival"":{""estimated"":null,""scheduled"":""2022-04-24T14:14:00Z""},""departure"":{""estimated"":null,""scheduled"":""2022-04-24T14:14:02Z""}},{""station"":""Club Kapitachuan"",""code"":""KPTC"",""estimated"":""&mdash;"",""scheduled"":""2022-04-24T14:17:00Z"",""eta"":""&mdash;"",""arrival"":{""estimated"":null,""scheduled"":""2022-04-24T14:17:00Z""},""departure"":{""estimated"":null,""scheduled"":""2022-04-24T14:17:02Z""}},{""station"":""Consolidated Bathurst"",""code"":""CBAT"",""estimated"":""&mdash;"",""scheduled"":""2022-04-24T14:22:00Z"",""eta"":""&mdash;"",""arrival"":{""estimated"":null,""scheduled"":""2022-04-24T14:22:00Z""},""departure"":{""estimated"":null,""scheduled"":""2022-04-24T14:22:02Z""}},{""station"":""Monet"",""code"":""MNET"",""estimated"":""&mdash;"",""scheduled"":""2022-04-24T14:31:00Z"",""eta"":""&mdash;"",""arrival"":{""estimated"":null,""scheduled"":""2022-04-24T14:31:00Z""},""departure"":{""estimated"":null,""scheduled"":""2022-04-24T14:31:02Z""}},{""station"":""Coquar"",""code"":""COQU"",""estimated"":""&mdash;"",""scheduled"":""2022-04-24T14:42:00Z"",""eta"":""&mdash;"",""arrival"":{""estimated"":null,""scheduled"":""2022-04-24T14:42:00Z""},""departure"":{""estimated"":null,""scheduled"":""2022-04-24T14:42:02Z""}},{""station"":""Clova"",""code"":""CLOV"",""estimated"":""&mdash;"",""scheduled"":""2022-04-24T14:50:00Z"",""eta"":""&mdash;"",""arrival"":{""estimated"":null,""scheduled"":""2022-04-24T14:50:00Z""},""departure"":{""estimated"":null,""scheduled"":""2022-04-24T14:50:02Z""}},{""station"":""Rivière Oskélanéo"",""code"":""OSKR"",""estimated"":""&mdash;"",""scheduled"":""2022-04-24T15:00:00Z"",""eta"":""&mdash;"",""arrival"":{""estimated"":null,""scheduled"":""2022-04-24T15:00:00Z""},""departure"":{""estimated"":null,""scheduled"":""2022-04-24T15:00:02Z""}},{""station"":""Oskelaneo Lodge"",""code"":""OSKL"",""estimated"":""&mdash;"",""scheduled"":""2022-04-24T15:07:00Z"",""eta"":""&mdash;"",""arrival"":{""estimated"":null,""scheduled"":""2022-04-24T15:07:00Z""},""departure"":{""estimated"":null,""scheduled"":""2022-04-24T15:07:02Z""}},{""station"":""Greening"",""code"":""GRNG"",""estimated"":""&mdash;"",""scheduled"":""2022-04-24T15:13:00Z"",""eta"":""&mdash;"",""arrival"":{""estimated"":null,""scheduled"":""2022-04-24T15:13:00Z""},""departure"":{""estimated"":null,""scheduled"":""2022-04-24T15:13:02Z""}},{""station"":""Club Maniwawa"",""code"":""MWWC"",""estimated"":""&mdash;"",""scheduled"":""2022-04-24T15:27:00Z"",""eta"":""&mdash;"",""arrival"":{""estimated"":null,""scheduled"":""2022-04-24T15:27:00Z""},""departure"":{""estimated"":null,""scheduled"":""2022-04-24T15:27:02Z""}},{""station"":""Strachan"",""code"":""STRN"",""estimated"":""&mdash;"",""scheduled"":""2022-04-24T15:30:00Z"",""eta"":""&mdash;"",""arrival"":{""estimated"":null,""scheduled"":""2022-04-24T15:30:00Z""},""departure"":{""estimated"":null,""scheduled"":""2022-04-24T15:30:02Z""}},{""station"":""Club Rita Inc."",""code"":""RTAC"",""estimated"":""&mdash;"",""scheduled"":""2022-04-24T15:32:00Z"",""eta"":""&mdash;"",""arrival"":{""estimated"":null,""scheduled"":""2022-04-24T15:32:00Z""},""departure"":{""estimated"":null,""scheduled"":""2022-04-24T15:32:02Z""}},{""station"":""Timbrell"",""code"":""TIMB"",""estimated"":""&mdash;"",""scheduled"":""2022-04-24T15:34:00Z"",""eta"":""&mdash;"",""arrival"":{""estimated"":null,""scheduled"":""2022-04-24T15:34:00Z""},""departure"":{""estimated"":null,""scheduled"":""2022-04-24T15:34:02Z""}},{""station"":""Parent"",""code"":""PARE"",""estimated"":""&mdash;"",""scheduled"":""2022-04-24T15:49:00Z"",""eta"":""&mdash;"",""arrival"":{""estimated"":null,""scheduled"":""2022-04-24T15:49:00Z""},""departure"":{""estimated"":null,""scheduled"":""2022-04-24T15:50:00Z""}},{""station"":""Manjobagues"",""code"":""MJBG"",""estimated"":""&mdash;"",""scheduled"":""2022-04-24T16:03:00Z"",""eta"":""&mdash;"",""arrival"":{""estimated"":null,""scheduled"":""2022-04-24T16:03:00Z""},""departure"":{""estimated"":null,""scheduled"":""2022-04-24T16:03:02Z""}},{""station"":""Club Sisco"",""code"":""SSCC"",""estimated"":""&mdash;"",""scheduled"":""2022-04-24T16:08:00Z"",""eta"":""&mdash;"",""arrival"":{""estimated"":null,""scheduled"":""2022-04-24T16:08:00Z""},""departure"":{""estimated"":null,""scheduled"":""2022-04-24T16:08:02Z""}},{""station"":""Mccarthy"",""code"":""MCCA"",""estimated"":""&mdash;"",""scheduled"":""2022-04-24T16:10:00Z"",""eta"":""&mdash;"",""arrival"":{""estimated"":null,""scheduled"":""2022-04-24T16:10:00Z""},""departure"":{""estimated"":null,""scheduled"":""2022-04-24T16:10:02Z""}},{""station"":""Casey"",""code"":""CASY"",""estimated"":""&mdash;"",""scheduled"":""2022-04-24T16:25:00Z"",""eta"":""&mdash;"",""arrival"":{""estimated"":null,""scheduled"":""2022-04-24T16:25:00Z""},""departure"":{""estimated"":null,""scheduled"":""2022-04-24T16:25:02Z""}},{""station"":""Hibbard"",""code"":""HIBB"",""estimated"":""&mdash;"",""scheduled"":""2022-04-24T16:37:00Z"",""eta"":""&mdash;"",""arrival"":{""estimated"":null,""scheduled"":""2022-04-24T16:37:00Z""},""departure"":{""estimated"":null,""scheduled"":""2022-04-24T16:37:02Z""}},{""station"":""Club Belanger"",""code"":""BLGC"",""estimated"":""&mdash;"",""scheduled"":""2022-04-24T16:44:00Z"",""eta"":""&mdash;"",""arrival"":{""estimated"":null,""scheduled"":""2022-04-24T16:44:00Z""},""departure"":{""estimated"":null,""scheduled"":""2022-04-24T16:44:02Z""}},{""station"":""Cann"",""code"":""CANN"",""estimated"":""&mdash;"",""scheduled"":""2022-04-24T16:52:00Z"",""eta"":""&mdash;"",""arrival"":{""estimated"":null,""scheduled"":""2022-04-24T16:52:00Z""},""departure"":{""estimated"":null,""scheduled"":""2022-04-24T16:52:02Z""}},{""station"":""Sanmaur"",""code"":""SANM"",""estimated"":""&mdash;"",""scheduled"":""2022-04-24T16:58:00Z"",""eta"":""&mdash;"",""arrival"":{""estimated"":null,""scheduled"":""2022-04-24T16:58:00Z""},""departure"":{""estimated"":null,""scheduled"":""2022-04-24T16:58:02Z""}},{""station"":""Weymont"",""code"":""WYMT"",""estimated"":""&mdash;"",""scheduled"":""2022-04-24T17:00:00Z"",""eta"":""&mdash;"",""arrival"":{""estimated"":null,""scheduled"":""2022-04-24T17:00:00Z""},""departure"":{""estimated"":null,""scheduled"":""2022-04-24T17:01:00Z""}},{""station"":""Saint-Maurice Rivière-Boom"",""code"":""SMRB"",""estimated"":""&mdash;"",""scheduled"":""2022-04-24T17:04:00Z"",""eta"":""&mdash;"",""arrival"":{""estimated"":null,""scheduled"":""2022-04-24T17:04:00Z""},""departure"":{""estimated"":null,""scheduled"":""2022-04-24T17:04:02Z""}},{""station"":""Dessane"",""code"":""DESS"",""estimated"":""&mdash;"",""scheduled"":""2022-04-24T17:10:00Z"",""eta"":""&mdash;"",""arrival"":{""estimated"":null,""scheduled"":""2022-04-24T17:10:00Z""},""departure"":{""estimated"":null,""scheduled"":""2022-04-24T17:10:02Z""}},{""station"":""Vandry"",""code"":""VDRY"",""estimated"":""&mdash;"",""scheduled"":""2022-04-24T17:15:00Z"",""eta"":""&mdash;"",""arrival"":{""estimated"":null,""scheduled"":""2022-04-24T17:15:00Z""},""departure"":{""estimated"":null,""scheduled"":""2022-04-24T17:15:02Z""}},{""station"":""Club Wigwam"",""code"":""WGWC"",""estimated"":""&mdash;"",""scheduled"":""2022-04-24T17:23:00Z"",""eta"":""&mdash;"",""arrival"":{""estimated"":null,""scheduled"":""2022-04-24T17:23:00Z""},""departure"":{""estimated"":null,""scheduled"":""2022-04-24T17:23:02Z""}},{""station"":""Ferguson"",""code"":""FERG"",""estimated"":""&mdash;"",""scheduled"":""2022-04-24T17:27:00Z"",""eta"":""&mdash;"",""arrival"":{""estimated"":null,""scheduled"":""2022-04-24T17:27:00Z""},""departure"":{""estimated"":null,""scheduled"":""2022-04-24T17:27:02Z""}},{""station"":""Windigo"",""code"":""WNDG"",""estimated"":""&mdash;"",""scheduled"":""2022-04-24T17:34:00Z"",""eta"":""&mdash;"",""arrival"":{""estimated"":null,""scheduled"":""2022-04-24T17:34:00Z""},""departure"":{""estimated"":null,""scheduled"":""2022-04-24T17:34:02Z""}},{""station"":""Mctavish"",""code"":""MCTC"",""estimated"":""&mdash;"",""scheduled"":""2022-04-24T17:41:00Z"",""eta"":""&mdash;"",""arrival"":{""estimated"":null,""scheduled"":""2022-04-24T17:41:00Z""},""departure"":{""estimated"":null,""scheduled"":""2022-04-24T17:41:02Z""}},{""station"":""Duplessis"",""code"":""DUPL"",""estimated"":""&mdash;"",""scheduled"":""2022-04-24T17:48:00Z"",""eta"":""&mdash;"",""arrival"":{""estimated"":null,""scheduled"":""2022-04-24T17:48:00Z""},""departure"":{""estimated"":null,""scheduled"":""2022-04-24T17:48:02Z""}},{""station"":""Lac-Darey"",""code"":""LDAR"",""estimated"":""&mdash;"",""scheduled"":""2022-04-24T17:58:00Z"",""eta"":""&mdash;"",""arrival"":{""estimated"":null,""scheduled"":""2022-04-24T17:58:00Z""},""departure"":{""estimated"":null,""scheduled"":""2022-04-24T17:58:02Z""}},{""station"":""Rapide-Blanc"",""code"":""RAPB"",""estimated"":""&mdash;"",""scheduled"":""2022-04-24T18:10:00Z"",""eta"":""&mdash;"",""arrival"":{""estimated"":null,""scheduled"":""2022-04-24T18:10:00Z""},""departure"":{""estimated"":null,""scheduled"":""2022-04-24T18:10:02Z""}},{""station"":""Club Vermillion"",""code"":""VMLC"",""estimated"":""&mdash;"",""scheduled"":""2022-04-24T18:13:00Z"",""eta"":""&mdash;"",""arrival"":{""estimated"":null,""scheduled"":""2022-04-24T18:13:00Z""},""departure"":{""estimated"":null,""scheduled"":""2022-04-24T18:13:02Z""}},{""station"":""Cressman"",""code"":""CRSM"",""estimated"":""&mdash;"",""scheduled"":""2022-04-24T18:22:00Z"",""eta"":""&mdash;"",""arrival"":{""estimated"":null,""scheduled"":""2022-04-24T18:22:00Z""},""departure"":{""estimated"":null,""scheduled"":""2022-04-24T18:22:02Z""}},{""station"":""Fitzpatrick"",""code"":""FITZ"",""estimated"":""&mdash;"",""scheduled"":""2022-04-24T18:43:00Z"",""eta"":""&mdash;"",""arrival"":{""estimated"":null,""scheduled"":""2022-04-24T18:43:00Z""},""departure"":{""estimated"":null,""scheduled"":""2022-04-24T18:43:02Z""}}]"
"26",false,false,"OTTAWA","QUÉBEC","[{""station"":""Ottawa"",""code"":""OTTW"",""estimated"":""&mdash;"",""scheduled"":""2022-04-24T18:20:00Z"",""eta"":""&mdash;"",""departure"":{""estimated"":null,""scheduled"":""2022-04-24T18:20:00Z""}}]"
"84",false,false,"SARNIA","TORONTO","[{""station"":""Sarnia"",""code"":""SARN"",""estimated"":""&mdash;"",""scheduled"":""2022-04-24T12:40:00Z"",""eta"":""&mdash;"",""departure"":{""estimated"":null,""scheduled"":""2022-04-24T12:40:00Z""}},{""station"":""Wyoming"",""code"":""WYOM"",""estimated"":""&mdash;"",""scheduled"":""2022-04-24T12:55:00Z"",""eta"":""&mdash;"",""arrival"":{""estimated"":null,""scheduled"":""2022-04-24T12:55:00Z""},""departure"":{""estimated"":null,""scheduled"":""2022-04-24T12:56:00Z""}},{""station"":""Strathroy"",""code"":""STRR"",""estimated"":""&mdash;"",""scheduled"":""2022-04-24T13:27:00Z"",""eta"":""&mdash;"",""arrival"":{""estimated"":null,""scheduled"":""2022-04-24T13:27:00Z""},""departure"":{""estimated"":null,""scheduled"":""2022-04-24T13:29:00Z""}},{""station"":""London"",""code"":""LNDN"",""estimated"":""&mdash;"",""scheduled"":""2022-04-24T13:52:00Z"",""eta"":""&mdash;"",""arrival"":{""estimated"":null,""scheduled"":""2022-04-24T13:52:00Z""},""departure"":{""estimated"":null,""scheduled"":""2022-04-24T13:54:00Z""}},{""station"":""St.Marys"",""code"":""SMYS"",""estimated"":""&mdash;"",""scheduled"":""2022-04-24T14:45:00Z"",""eta"":""&mdash;"",""arrival"":{""estimated"":null,""scheduled"":""2022-04-24T14:45:00Z""},""departure"":{""estimated"":null,""scheduled"":""2022-04-24T14:46:00Z""}},{""station"":""Stratford"",""code"":""STRF"",""estimated"":""&mdash;"",""scheduled"":""2022-04-24T15:14:00Z"",""eta"":""&mdash;"",""arrival"":{""estimated"":null,""scheduled"":""2022-04-24T15:14:00Z""},""departure"":{""estimated"":null,""scheduled"":""2022-04-24T15:16:00Z""}},{""station"":""Kitchener"",""code"":""KITC"",""estimated"":""&mdash;"",""scheduled"":""2022-04-24T16:02:00Z"",""eta"":""&mdash;"",""arrival"":{""estimated"":null,""scheduled"":""2022-04-24T16:02:00Z""},""departure"":{""estimated"":null,""scheduled"":""2022-04-24T16:04:00Z""}},{""station"":""Guelph"",""code"":""GUEL"",""estimated"":""&mdash;"",""scheduled"":""2022-04-24T16:24:00Z"",""eta"":""&mdash;"",""arrival"":{""estimated"":null,""scheduled"":""2022-04-24T16:24:00Z""},""departure"":{""estimated"":null,""scheduled"":""2022-04-24T16:26:00Z""}},{""station"":""Georgetown"",""code"":""GEOR"",""estimated"":""&mdash;"",""scheduled"":""2022-04-24T16:47:00Z"",""eta"":""&mdash;"",""arrival"":{""estimated"":null,""scheduled"":""2022-04-24T16:47:00Z""},""departure"":{""estimated"":null,""scheduled"":""2022-04-24T16:49:00Z""}},{""station"":""Brampton"",""code"":""BRMP"",""estimated"":""&mdash;"",""scheduled"":""2022-04-24T16:59:00Z"",""eta"":""&mdash;"",""arrival"":{""estimated"":null,""scheduled"":""2022-04-24T16:59:00Z""},""departure"":{""estimated"":null,""scheduled"":""2022-04-24T17:01:00Z""}},{""station"":""Malton"",""code"":""MALT"",""estimated"":""&mdash;"",""scheduled"":""2022-04-24T17:11:00Z"",""eta"":""&mdash;"",""arrival"":{""estimated"":null,""scheduled"":""2022-04-24T17:11:00Z""},""departure"":{""estimated"":null,""scheduled"":""2022-04-24T17:13:00Z""}},{""station"":""Toronto"",""code"":""TRTO"",""estimated"":""&mdash;"",""scheduled"":""2022-04-24T17:38:00Z"",""eta"":""&mdash;"",""arrival"":{""estimated"":null,""scheduled"":""2022-04-24T17:38:00Z""}}]"
"73",false,false,"TORONTO","WINDSOR","[{""station"":""Toronto"",""code"":""TRTO"",""estimated"":""&mdash;"",""scheduled"":""2022-04-24T16:15:00Z"",""eta"":""&mdash;"",""departure"":{""estimated"":null,""scheduled"":""2022-04-24T16:15:00Z""}},{""station"":""Oakville"",""code"":""OAKV"",""estimated"":""&mdash;"",""scheduled"":""2022-04-24T16:36:00Z"",""eta"":""&mdash;"",""arrival"":{""estimated"":null,""scheduled"":""2022-04-24T16:36:00Z""},""departure"":{""estimated"":null,""scheduled"":""2022-04-24T16:40:00Z""}},{""station"":""Aldershot"",""code"":""ALDR"",""estimated"":""&mdash;"",""scheduled"":""2022-04-24T16:54:00Z"",""eta"":""&mdash;"",""arrival"":{""estimated"":null,""scheduled"":""2022-04-24T16:54:00Z""},""departure"":{""estimated"":null,""scheduled"":""2022-04-24T16:58:00Z""}},{""station"":""Brantford"",""code"":""BRTF"",""estimated"":""&mdash;"",""scheduled"":""2022-04-24T17:25:00Z"",""eta"":""&mdash;"",""arrival"":{""estimated"":null,""scheduled"":""2022-04-24T17:25:00Z""},""departure"":{""estimated"":null,""scheduled"":""2022-04-24T17:27:00Z""}},{""station"":""Woodstock"",""code"":""WDST"",""estimated"":""&mdash;"",""scheduled"":""2022-04-24T17:54:00Z"",""eta"":""&mdash;"",""arrival"":{""estimated"":null,""scheduled"":""2022-04-24T17:54:00Z""},""departure"":{""estimated"":null,""scheduled"":""2022-04-24T17:55:00Z""}},{""station"":""London"",""code"":""LNDN"",""estimated"":""&mdash;"",""scheduled"":""2022-04-24T18:23:00Z"",""eta"":""&mdash;"",""arrival"":{""estimated"":null,""scheduled"":""2022-04-24T18:23:00Z""},""departure"":{""estimated"":null,""scheduled"":""2022-04-24T18:30:00Z""}}]"
"15",false,false,"HALIFAX","MONTRÉAL","[{""station"":""Halifax"",""code"":""HLFX"",""estimated"":""&mdash;"",""scheduled"":""2022-04-24T16:00:00Z"",""eta"":""&mdash;"",""departure"":{""estimated"":null,""scheduled"":""2022-04-24T16:00:00Z""}},{""station"":""Truro"",""code"":""TRUR"",""estimated"":""&mdash;"",""scheduled"":""2022-04-24T17:26:00Z"",""eta"":""&mdash;"",""arrival"":{""estimated"":null,""scheduled"":""2022-04-24T17:26:00Z""},""departure"":{""estimated"":null,""scheduled"":""2022-04-24T17:31:00Z""}},{""station"":""Springhill Jct"",""code"":""SPRJ"",""estimated"":""&mdash;"",""scheduled"":""2022-04-24T18:43:00Z"",""eta"":""&mdash;"",""arrival"":{""estimated"":null,""scheduled"":""2022-04-24T18:43:00Z""},""departure"":{""estimated"":null,""scheduled"":""2022-04-24T18:43:01Z""}}]"
"71",false,false,"TORONTO","WINDSOR","[{""station"":""Toronto"",""code"":""TRTO"",""estimated"":""&mdash;"",""scheduled"":""2022-04-24T10:37:00Z"",""eta"":""&mdash;"",""departure"":{""estimated"":null,""scheduled"":""2022-04-24T10:37:00Z""}},{""station"":""Oakville"",""code"":""OAKV"",""estimated"":""&mdash;"",""scheduled"":""2022-04-24T11:00:00Z"",""eta"":""&mdash;"",""arrival"":{""estimated"":null,""scheduled"":""2022-04-24T11:00:00Z""},""departure"":{""estimated"":null,""scheduled"":""2022-04-24T11:02:00Z""}},{""station"":""Aldershot"",""code"":""ALDR"",""estimated"":""&mdash;"",""scheduled"":""2022-04-24T11:16:00Z"",""eta"":""&mdash;"",""arrival"":{""estimated"":null,""scheduled"":""2022-04-24T11:16:00Z""},""departure"":{""estimated"":null,""scheduled"":""2022-04-24T11:18:00Z""}},{""station"":""Brantford"",""code"":""BRTF"",""estimated"":""&mdash;"",""scheduled"":""2022-04-24T11:42:00Z"",""eta"":""&mdash;"",""arrival"":{""estimated"":null,""scheduled"":""2022-04-24T11:42:00Z""},""departure"":{""estimated"":null,""scheduled"":""2022-04-24T11:46:00Z""}},{""station"":""Woodstock"",""code"":""WDST"",""estimated"":""&mdash;"",""scheduled"":""2022-04-24T12:17:00Z"",""eta"":""&mdash;"",""arrival"":{""estimated"":null,""scheduled"":""2022-04-24T12:17:00Z""},""departure"":{""estimated"":null,""scheduled"":""2022-04-24T12:18:00Z""}},{""station"":""Ingersoll"",""code"":""INGR"",""estimated"":""&mdash;"",""scheduled"":""2022-04-24T12:30:00Z"",""eta"":""&mdash;"",""arrival"":{""estimated"":null,""scheduled"":""2022-04-24T12:30:00Z""},""departure"":{""estimated"":null,""scheduled"":""2022-04-24T12:31:00Z""}},{""station"":""London"",""code"":""LNDN"",""estimated"":""&mdash;"",""scheduled"":""2022-04-24T12:53:00Z"",""eta"":""&mdash;"",""arrival"":{""estimated"":null,""scheduled"":""2022-04-24T12:53:00Z""},""departure"":{""estimated"":null,""scheduled"":""2022-04-24T12:58:00Z""}},{""station"":""Glencoe"",""code"":""GLNC"",""estimated"":""&mdash;"",""scheduled"":""2022-04-24T13:27:00Z"",""eta"":""&mdash;"",""arrival"":{""estimated"":null,""scheduled"":""2022-04-24T13:27:00Z""},""departure"":{""estimated"":null,""scheduled"":""2022-04-24T13:28:00Z""}},{""station"":""Chatham"",""code"":""CHAT"",""estimated"":""&mdash;"",""scheduled"":""2022-04-24T14:05:00Z"",""eta"":""&mdash;"",""arrival"":{""estimated"":null,""scheduled"":""2022-04-24T14:05:00Z""},""departure"":{""estimated"":null,""scheduled"":""2022-04-24T14:06:00Z""}},{""station"":""Windsor"",""code"":""WDON"",""estimated"":""&mdash;"",""scheduled"":""2022-04-24T14:55:00Z"",""eta"":""&mdash;"",""arrival"":{""estimated"":null,""scheduled"":""2022-04-24T14:55:00Z""}}]"
"645",false,false,"OTTAWA","TORONTO","[{""station"":""Ottawa"",""code"":""OTTW"",""estimated"":""&mdash;"",""scheduled"":""2022-04-24T18:32:00Z"",""eta"":""&mdash;"",""departure"":{""estimated"":null,""scheduled"":""2022-04-24T18:32:00Z""}}]"
"5",false,false,"JASPER","PRINCE RUPERT","[{""station"":""Jasper"",""code"":""JASP"",""estimated"":""&mdash;"",""scheduled"":""2022-04-24T18:45:00Z"",""eta"":""&mdash;"",""departure"":{""estimated"":null,""scheduled"":""2022-04-24T18:45:00Z""}}]"